-- MySQL dump 10.11
--
-- Host: localhost    Database: deathval_data
-- ------------------------------------------------------
-- Server version	5.0.90-community-log

/*!40101 SET @OLD_CHARACTER_SET_CLIENT=@@CHARACTER_SET_CLIENT */;
/*!40101 SET @OLD_CHARACTER_SET_RESULTS=@@CHARACTER_SET_RESULTS */;
/*!40101 SET @OLD_COLLATION_CONNECTION=@@COLLATION_CONNECTION */;
/*!40101 SET NAMES utf8 */;
/*!40103 SET @OLD_TIME_ZONE=@@TIME_ZONE */;
/*!40103 SET TIME_ZONE='+00:00' */;
/*!40014 SET @OLD_UNIQUE_CHECKS=@@UNIQUE_CHECKS, UNIQUE_CHECKS=0 */;
/*!40014 SET @OLD_FOREIGN_KEY_CHECKS=@@FOREIGN_KEY_CHECKS, FOREIGN_KEY_CHECKS=0 */;
/*!40101 SET @OLD_SQL_MODE=@@SQL_MODE, SQL_MODE='NO_AUTO_VALUE_ON_ZERO' */;
/*!40111 SET @OLD_SQL_NOTES=@@SQL_NOTES, SQL_NOTES=0 */;

--
-- Table structure for table `camps`
--

DROP TABLE IF EXISTS `camps`;
/*!40101 SET @saved_cs_client     = @@character_set_client */;
/*!40101 SET character_set_client = utf8 */;
CREATE TABLE `camps` (
  `id` int(11) NOT NULL auto_increment,
  `name` varchar(255) collate utf8_unicode_ci default NULL,
  `description` varchar(255) collate utf8_unicode_ci default NULL,
  `rating` int(11) default NULL,
  `location` varchar(255) collate utf8_unicode_ci default NULL,
  `created_at` datetime default NULL,
  `updated_at` datetime default NULL,
  PRIMARY KEY  (`id`)
) ENGINE=InnoDB DEFAULT CHARSET=utf8 COLLATE=utf8_unicode_ci;
/*!40101 SET character_set_client = @saved_cs_client */;

--
-- Dumping data for table `camps`
--

LOCK TABLES `camps` WRITE;
/*!40000 ALTER TABLE `camps` DISABLE KEYS */;
/*!40000 ALTER TABLE `camps` ENABLE KEYS */;
UNLOCK TABLES;

--
-- Table structure for table `dogs`
--

DROP TABLE IF EXISTS `dogs`;
/*!40101 SET @saved_cs_client     = @@character_set_client */;
/*!40101 SET character_set_client = utf8 */;
CREATE TABLE `dogs` (
  `id` int(11) NOT NULL auto_increment,
  `name` varchar(255) collate utf8_unicode_ci default NULL,
  `ham` varchar(255) collate utf8_unicode_ci default NULL,
  `profile` varchar(255) collate utf8_unicode_ci default NULL,
  `active` tinyint(1) default NULL,
  `created_at` datetime default NULL,
  `updated_at` datetime default NULL,
  `birth_date` date default NULL,
  `family` varchar(255) collate utf8_unicode_ci default NULL,
  `photo_file_name` varchar(255) collate utf8_unicode_ci default NULL,
  `photo_content_type` varchar(255) collate utf8_unicode_ci default NULL,
  `photo_file_size` int(11) default NULL,
  `known_for` text collate utf8_unicode_ci,
  PRIMARY KEY  (`id`)
) ENGINE=InnoDB AUTO_INCREMENT=29 DEFAULT CHARSET=utf8 COLLATE=utf8_unicode_ci;
/*!40101 SET character_set_client = @saved_cs_client */;

--
-- Dumping data for table `dogs`
--

LOCK TABLES `dogs` WRITE;
/*!40000 ALTER TABLE `dogs` DISABLE KEYS */;
INSERT INTO `dogs` VALUES (1,'Cameron Dawson','KI6BTH','',1,'2010-05-18 17:28:18','2010-05-27 16:50:08','1969-08-10','Hominid','cameron.jpg','image/jpeg',26240,'The Flatumat\r\nFire Surfing\r\nWhich way is west?\r\nThe Poo-By-Four\r\nHave the tent to myself'),(2,'Dan DeLong','KI6TCR','',1,'2010-05-18 17:36:00','2010-05-27 16:53:03','1967-02-03','Hominid','dan.jpg','image/jpeg',35370,'A good man to follow\r\nCampfire chord virtuoso \r\n\"Oh Sure...\"\r\nTrailfinder \r\nNavigator \r\nAlways gets you home \r\nCutting through pipes with a Ginsu Knife	'),(3,'Wheels','','',1,'2010-05-18 23:09:21','2010-05-18 23:09:30','2010-03-18','Canine',NULL,NULL,NULL,NULL),(4,'Greg Rusky','KF6ALC','',1,'2010-05-19 23:15:35','2010-05-27 17:05:22','1965-08-06','Hominid','greg.jpg','image/jpeg',14383,'Going first (\"I think I want to rappel into that mine shaft...\")\r\nHiking fast \r\nJeep Surfin\' \r\n\"Look at the Dirty Man, Daddy\" \r\n\"He\'s wearing a girl\'s sweater...\" \r\n\"And now I have to show my ass...\" \r\n\"OK, I know where we are.  We\'re right h... wait...\" \r\nSinging the blues \r\nBreaking the toilet at Roadhead \r\nGiving first aid to a duck \r\nRigs that perform an RUD (Rapid Unscheduled Disassembly) which result in a BRR (Broken Rusky Rig) \r\n'),(5,'Stuart Ellis','','',1,'2010-05-19 23:16:57','2010-05-27 17:37:26','1965-03-03','Hominid','Stuart_Poster.jpg','image/jpeg',65749,'Birthday that started it all\r\nSnoring\r\nTrail Scouting\r\nNavigation \r\nAlways got a tale to tell \r\nKnows weird things about weird things '),(6,'John Racine','KG6WQL','',1,'2010-05-19 23:18:22','2010-05-25 19:03:02','1967-04-05','Hominid','eureka.jpg','image/jpeg',201116,NULL),(7,'Chris Dorris','','',1,'2010-05-21 20:46:05','2010-05-27 16:51:01','1969-05-21','Hominid','chris_dorris.jpg','image/jpeg',17575,'Taking Pictures \r\nNever BEING in pictures '),(8,'Edric Money','','',1,'2010-05-21 20:47:17','2010-05-27 16:55:07','2010-05-21','Hominid','EdricMoney.JPG','image/jpeg',101427,'Hiking Fast\r\nStayin\' \"Classy\"\r\nRiding on the jeep bumper while 4-wheelin\'\r\nDoing the Mr. Furly face \r\nRunning irrigation piping to the pool at Meyer Ranch \r\nGettin\' into the pool \"nice n\' slow\" \r\nE+NWS=NM (Edric+Natural Water Source = Nekkid Man)	'),(9,'Jammer','','',1,'2010-05-21 20:47:57','2010-05-21 20:47:57','2010-05-21','Canine',NULL,NULL,NULL,NULL),(10,'Joe McClain','','',1,'2010-05-21 20:48:31','2010-05-25 21:58:32','2010-05-21','Hominid','Joe.jpg','image/pjpeg',29364,NULL),(11,'Kyle Nichols','','',1,'2010-05-21 20:49:31','2010-05-27 17:13:01','2010-05-21','Hominid','Kyle_Poster.jpg','image/jpeg',55329,'Hiking madman\r\nTrail scouting \r\nLOTSA pictures '),(12,'Mark Mooney','N6YQR','',1,'2010-05-21 20:51:26','2010-05-27 17:14:25','2010-05-21','Hominid','mark.jpg','image/jpeg',15666,'Rig Driver\r\nThe Captain \r\nFount of Wisdom \r\nNicest guy I ever met\r\nWaiting with a cold beer after the hike'),(13,'Matt Nichols','KF6AKZ ?','',1,'2010-05-21 20:51:58','2010-05-27 17:30:13','1965-05-21','Hominid','MattNichols.jpg','image/jpeg',36707,'Bad things\r\nWearing uncomfortable shoes'),(14,'Blake Belaires','','',0,'2010-05-21 20:52:48','2010-05-27 16:48:23','2010-05-21','Hominid','blake.jpg','image/jpeg',19626,'Great friggin\' guy\r\nGets the job done \r\nStarting fires with flares \r\nFound the Bandit\'s Motorcycle'),(15,'Chris Warlick','','',0,'2010-05-21 20:53:22','2010-05-21 20:53:22','2010-05-21','Hominid',NULL,NULL,NULL,NULL),(16,'Dave Ceresa','','',0,'2010-05-21 20:53:40','2010-05-27 16:53:49','1967-05-21','Hominid',NULL,NULL,NULL,'This looks like ASS!'),(17,'Jack Dog','','',0,'2010-05-21 20:54:28','2010-05-27 18:18:00','1995-05-21','Canine','Jack_Poster.jpg','image/jpeg',65643,'Trail hunting\r\nBeing awesome'),(18,'Joaquin','','',0,'2010-05-21 20:55:14','2010-05-27 17:08:59','1997-02-14','Canine','Joaquin_Poster.jpg','image/jpeg',93160,'Great trail dog\r\nScaredy Dog'),(19,'Kyle Kraus','','',0,'2010-05-21 20:55:32','2010-05-27 17:12:18','2010-05-21','Hominid',NULL,NULL,NULL,'Killing the Duck'),(20,'Reepacheep','','',0,'2010-05-21 20:55:56','2010-05-27 17:33:11','1995-05-21','Canine','reepacheep.jpg','image/jpeg',86686,'Eating cheese\r\nPooping Plastic \r\nBeing Goofy '),(21,'Skip Winters','','',0,'2010-05-21 20:56:20','2010-05-27 17:35:15','1967-05-21','Hominid',NULL,NULL,NULL,'Finding Road-head camp\r\nDriver '),(22,'Devon Winter','','',1,'2010-05-24 21:15:47','2010-05-24 21:15:47','1992-11-12','Hominid','telescope_jack_1_.jpg','image/jpeg',185881,NULL),(23,'Bill Nelsen','','',0,'2010-05-27 16:06:36','2010-05-27 16:45:04','1965-05-27','Hominid','nelsen.jpg','image/jpeg',193623,'Being good. Not bad.\r\nRecording the radio traffic \r\nRunning ahead to video tape us looking cool'),(24,'Billy Slone','','',0,'2010-05-27 16:45:51','2010-05-27 16:47:29','1979-05-27','Hominid',NULL,NULL,NULL,'Went into the Bat cave\r\n.45 \r\nA little bit country, a little bit rock and roll. OK, no rock and roll. '),(25,'Bob Stowell','','',0,'2010-05-27 16:49:18','2010-05-27 16:49:29','1966-05-27','Hominid','bob.jpg','image/jpeg',9434,'Driver\r\nBlueberry Pancakes? In the desert?'),(26,'Chris Warlick','','',0,'2010-05-27 16:51:53','2010-05-27 16:52:05','1965-05-27','Hominid',NULL,NULL,NULL,'The Green Man'),(27,'Johnny Slone','','',0,'2010-05-27 17:10:27','2010-05-27 17:10:27','1977-05-27','Hominid',NULL,NULL,NULL,'Climbing 5.13\r\nDriver & Hiker '),(28,'Julio Iglesias','','',0,'2010-05-27 17:11:31','2010-05-27 17:11:31','1965-05-27','Hominid',NULL,NULL,NULL,'Worked with Skip\r\nBrought boom-box to Death Valley \r\nFound Cam\'s gas unpleasant ');
/*!40000 ALTER TABLE `dogs` ENABLE KEYS */;
UNLOCK TABLES;

--
-- Table structure for table `dogs_hikes`
--

DROP TABLE IF EXISTS `dogs_hikes`;
/*!40101 SET @saved_cs_client     = @@character_set_client */;
/*!40101 SET character_set_client = utf8 */;
CREATE TABLE `dogs_hikes` (
  `dog_id` int(11) default NULL,
  `hike_id` int(11) default NULL
) ENGINE=InnoDB DEFAULT CHARSET=utf8 COLLATE=utf8_unicode_ci;
/*!40101 SET character_set_client = @saved_cs_client */;

--
-- Dumping data for table `dogs_hikes`
--

LOCK TABLES `dogs_hikes` WRITE;
/*!40000 ALTER TABLE `dogs_hikes` DISABLE KEYS */;
INSERT INTO `dogs_hikes` VALUES (1,1),(2,1),(1,2),(2,2),(4,2),(5,2),(1,3),(2,3),(4,3),(1,4),(2,4),(4,4),(5,4),(1,5),(2,5),(4,5),(1,6),(2,6),(4,6),(5,6),(8,6),(8,5),(13,5),(19,5),(1,7),(7,7),(2,7),(8,7),(4,7),(17,7),(10,7),(6,7),(11,7),(5,7),(1,8),(7,8),(2,8),(22,8),(8,8),(4,8),(10,8),(6,8),(11,8),(5,8),(23,5),(16,5),(17,6),(27,5),(20,2),(20,3),(20,6),(24,9),(1,9),(2,9),(5,9),(20,9),(17,5),(12,5),(20,5),(27,6),(1,10),(2,10),(18,10),(11,10),(5,10),(1,11),(2,11),(4,11),(18,11),(5,11),(17,11);
/*!40000 ALTER TABLE `dogs_hikes` ENABLE KEYS */;
UNLOCK TABLES;

--
-- Table structure for table `dogs_trips`
--

DROP TABLE IF EXISTS `dogs_trips`;
/*!40101 SET @saved_cs_client     = @@character_set_client */;
/*!40101 SET character_set_client = utf8 */;
CREATE TABLE `dogs_trips` (
  `dog_id` int(11) default NULL,
  `trip_id` int(11) default NULL
) ENGINE=InnoDB DEFAULT CHARSET=utf8 COLLATE=utf8_unicode_ci;
/*!40101 SET character_set_client = @saved_cs_client */;

--
-- Dumping data for table `dogs_trips`
--

LOCK TABLES `dogs_trips` WRITE;
/*!40000 ALTER TABLE `dogs_trips` DISABLE KEYS */;
INSERT INTO `dogs_trips` VALUES (1,1),(2,1),(1,2),(2,2),(1,3),(2,3),(1,4),(2,4),(1,5),(2,5),(1,6),(2,6),(1,7),(2,7),(1,8),(2,8),(1,9),(2,9),(1,10),(2,10),(1,11),(2,11),(1,12),(2,12),(4,1),(4,2),(4,3),(4,4),(4,5),(4,6),(4,7),(4,8),(4,11),(4,12),(5,1),(5,5),(5,11),(5,12),(6,10),(6,11),(6,12),(7,9),(7,11),(7,12),(8,3),(8,6),(8,7),(8,9),(8,10),(8,11),(8,12),(10,11),(10,12),(11,9),(11,10),(11,11),(11,12),(12,6),(12,8),(12,9),(13,6),(16,6),(17,3),(17,4),(17,5),(17,6),(17,7),(17,8),(17,12),(18,7),(18,8),(18,9),(19,6),(20,1),(20,2),(21,2),(21,3),(22,10),(22,11),(22,12),(5,7),(23,6),(24,5),(14,4),(14,8),(25,8),(26,4),(27,3),(27,4),(27,5),(27,6),(28,2),(12,3),(12,4),(12,5),(20,3),(20,4),(20,5),(5,8),(5,9);
/*!40000 ALTER TABLE `dogs_trips` ENABLE KEYS */;
UNLOCK TABLES;

--
-- Table structure for table `gps`
--

DROP TABLE IF EXISTS `gps`;
/*!40101 SET @saved_cs_client     = @@character_set_client */;
/*!40101 SET character_set_client = utf8 */;
CREATE TABLE `gps` (
  `id` int(11) NOT NULL auto_increment,
  `make` varchar(255) collate utf8_unicode_ci default NULL,
  `model` varchar(255) collate utf8_unicode_ci default NULL,
  `description` varchar(255) collate utf8_unicode_ci default NULL,
  `created_at` datetime default NULL,
  `updated_at` datetime default NULL,
  PRIMARY KEY  (`id`)
) ENGINE=InnoDB DEFAULT CHARSET=utf8 COLLATE=utf8_unicode_ci;
/*!40101 SET character_set_client = @saved_cs_client */;

--
-- Dumping data for table `gps`
--

LOCK TABLES `gps` WRITE;
/*!40000 ALTER TABLE `gps` DISABLE KEYS */;
/*!40000 ALTER TABLE `gps` ENABLE KEYS */;
UNLOCK TABLES;

--
-- Table structure for table `hike_events`
--

DROP TABLE IF EXISTS `hike_events`;
/*!40101 SET @saved_cs_client     = @@character_set_client */;
/*!40101 SET character_set_client = utf8 */;
CREATE TABLE `hike_events` (
  `id` int(11) NOT NULL auto_increment,
  `hike_id` int(11) default NULL,
  `description` varchar(255) collate utf8_unicode_ci default NULL,
  `created_at` datetime default NULL,
  `updated_at` datetime default NULL,
  PRIMARY KEY  (`id`)
) ENGINE=InnoDB DEFAULT CHARSET=utf8 COLLATE=utf8_unicode_ci;
/*!40101 SET character_set_client = @saved_cs_client */;

--
-- Dumping data for table `hike_events`
--

LOCK TABLES `hike_events` WRITE;
/*!40000 ALTER TABLE `hike_events` DISABLE KEYS */;
/*!40000 ALTER TABLE `hike_events` ENABLE KEYS */;
UNLOCK TABLES;

--
-- Table structure for table `hike_stories`
--

DROP TABLE IF EXISTS `hike_stories`;
/*!40101 SET @saved_cs_client     = @@character_set_client */;
/*!40101 SET character_set_client = utf8 */;
CREATE TABLE `hike_stories` (
  `id` int(11) NOT NULL auto_increment,
  `hike_id` int(11) default NULL,
  `description` text collate utf8_unicode_ci,
  `created_at` datetime default NULL,
  `updated_at` datetime default NULL,
  `dog_id` int(11) default NULL,
  `short_description` varchar(150) collate utf8_unicode_ci default NULL,
  `photo_file_name` varchar(255) collate utf8_unicode_ci default NULL,
  `photo_content_type` varchar(255) collate utf8_unicode_ci default NULL,
  `photo_file_size` int(11) default NULL,
  PRIMARY KEY  (`id`)
) ENGINE=InnoDB AUTO_INCREMENT=10 DEFAULT CHARSET=utf8 COLLATE=utf8_unicode_ci;
/*!40101 SET character_set_client = @saved_cs_client */;

--
-- Dumping data for table `hike_stories`
--

LOCK TABLES `hike_stories` WRITE;
/*!40000 ALTER TABLE `hike_stories` DISABLE KEYS */;
INSERT INTO `hike_stories` VALUES (1,2,'<p style=\"text-align: left;\">Skidoo was really cool. While this first Death Valley trip was still in\r\nits planning stages, I remember us talking about mine shafts we\'d find.\r\nI also remember talking about \"Bad Air.\" Bad air is when toxic gases\r\nthat are heavier than air settle into mine shafts, or caves for that\r\nmatter. They lay low on the ground, so when you\'re walking in, you\r\ndon\'t notice anything. But all the while, you\'re kicking up the \"Bad\r\nAir\" into the passage behind you. Then when you go to leave, you start\r\nwalking through it, pass out and die. Skidoo was really cool.</p>\r\n<p>We hiked around outside for a bit and noticed a couple\r\nparts where it looked like sink holes had collapsed. Reep was running\r\naround wild and having a great time with it. We found the main entrance\r\nand saw a steel net that had been ripped open. We smiled, grabbed our\r\nflashlights and walked in. When I saw the ancient timbers supporting\r\nthe walls of the passageway, my mind flashed back to the collapsed\r\nsink-holes we saw outside. Those weren\'t sink-holes. I recall feeling\r\nmuch more eerie at that point. The thought of the mine shaft collapsing\r\non us seemed like a pretty greusome way to <img src=\"/system/images/8/large_thumb/untitled_3_tif_3.jpg\" border=\"0\" alt=\"image\" width=\"370\" height=\"217\" style=\"float: left;\" />go.  And, in a way, it made it more fun.</p>\r\n<p>We\r\nhad all been in the IXL cavern back home in Santa Cruz (Hell Hole, it\'s\r\ncalled) so spelunking was nothing new to us. In fact, I believe that\r\nwas when I first met Dan. Spelunking was, yes, claustrophobic and\r\nstrange. But it\'s also really, really fun. There\'s just something so\r\nprimal about being in the cold cold ground. And, yes, there\'s a certain\r\nthrill to it. It\'s kind of like skydiving, just not as safe. But\r\nI&nbsp;digress...</p>\r\n<p>As we got deeper into the mountain, the\r\npassages became tighter and tighter. And, unlike IXL which was\r\nnaturally formed and self-supporting, these spots were supported by 2\r\nto 3 foot sections of 2x4s, 4x4s and logs! At several points, you could\r\nshine your light at about a 45 degree angle upwards and see for 100\r\nfeet. The miners had sliced wafers of the mountain out to get their\r\nprecious minerals. I think Skidoo was predominantly Borax mining. All\r\nthat work and risk for soap?<img src=\"/system/images/9/large_thumb/untitled_4_tif_3.jpg\" border=\"0\" alt=\"image\" width=\"370\" height=\"217\" style=\"float: right;\" /></p>\r\n<p>As\r\nwe climbed higher into the mountain, we eventually saw natural light.\r\nWe crawled to the light only to discover that the hole had been netted\r\nshut. This one was still tightly secure. I remember looking at Dan with\r\nan, \"Oh shit\" and laughed. I thought about the logs supporting the\r\nwhole hill and bad air and all that and thought, \"Gee, it\'d be nice to\r\nget <img src=\"/system/images/10/large_thumb/untitled_11.jpg\" border=\"0\" alt=\"image\" width=\"370\" height=\"229\" style=\"float: left;\" />out\r\nthis way rather than go back.\" We scouted around a bit more and found\r\nanother location that hadn\'t been closed. It was a thin sliver of an\r\nopening that I had to crawl on my belly to get through. For some\r\nreason, right as I was half way out, I had this vision of an earthquake\r\nhappening and the rock crushing me in half. \"Whew.\" Once my feet\r\nfollowed me out, I felt a whole lot better.</p>\r\n<p>Hollow Mountain was really cool.  But I admit, it kinda gave me the creeps.</p>\r\n<p style=\"text-align: left;\">&nbsp;</p>\r\n<p><span style=\"padding: 1px 4px; position: absolute; -moz-appearance: tooltip; color: #000000; z-index: 10000; cursor: pointer; left: 351px; top: 209px;\">save</span></p>\r\n<p><span style=\"padding: 1px 4px; position: absolute; -moz-appearance: tooltip; color: #000000; z-index: 10000; cursor: pointer; left: 356px; top: 209px;\">save</span></p>\r\n<p><span style=\"padding: 1px 4px; position: absolute; -moz-appearance: tooltip; color: #000000; z-index: 10000; cursor: pointer; left: 351px; top: 1241px;\">save</span></p>\r\n<p><span style=\"padding: 1px 4px; position: absolute; -moz-appearance: tooltip; color: #000000; z-index: 10000; cursor: pointer; left: 356px; top: 209px;\">save</span></p>','2010-05-18 17:28:50','2010-05-28 16:51:13',1,'Climbed through \"Hollow Mountain\"  Between collapsed areas and shoddy supports, this was cool, and kinda freaky.','Untitled-1.tif-3.jpg','image/jpeg',8999260),(2,1,'<p>\"Dude, we should probably be moving faster.\"<br /><img src=\"/system/images/3/large_thumb/funeral_mtns_hike_2.jpg\" border=\"0\" alt=\"image\" width=\"370\" height=\"222\" style=\"float: right;\" /><br />Cameron, squatted down with his camera to his eye said \"Huh. This cactus is really cool looking. \"</p>\r\n<p><br />\"No. Really. I think we need to haul ass.\" Big puffy clouds had been growing darker by the minute. The steep trail up the canyon wasn\'t getting any less steep, and no matter how much I stared at the little dotted line on the USGS map I still couldn\'t pin point our exact location. But I was beginning to think it was a lot less further along than I\'d thought before.<br /><br />Cameron stood up, satisfied with his photo op. of the cactus. \"Ok.\" He said. Let\'s go.\"<br /><br />In the failing light of the funeral mountains, monolithic headwalls above us gave no hint as to where the trail might be. To our right, the gorge dropped into near darkness. Serveral mines were supposed to be up ahead, and I marveled at the thought of dusty 19th century miners negotiating the precipitus twists and turns of these paths, loading ore cars to travel down the unbelieivably steep tramway to the bottom of the mountain. One still hung from a single cable a hundred feet over the canyon, dangling where it stopped in mid-span more than a century ago.<br /><br />It started to rain.<br /><br />We pushed on, gloom wrapping around us. The whole hike was only about four miles, but the steepness of the trail, the switchbacks up the side of the rocky gorge made me think: if we lost the trail in the darkness, we were screwed.<br /><br />Cameron was no longer looking for things to photograph.<br /><br />By the time we reached the last of the mines, it was night, and a light rain fell steadily. We examined a small cavern. Bits and pieces of old things, miners things, were spread here and there. \"Well, I guess we could always spend the night in this place, if we had to. At least we\'d be dry.\" Cameron pondered the thought. He figured the same as me: we\'d survive the night, but it would suck.<br /><br />The key to whether or not we\'d spend the next 12 hours huddled in a dusty abandon mine shaft high in the Funeral Mountains lay in a tiny cairn of rocks, marking where the trail turned north, skirting a thin path around the massive headwall above.<br /><br />\"Dude. I found it!\"<br /><br />Our headlamps cast only the palest arcs as we pressed on into the rain and dark.<br /><br />It would have been different if we\'d started earlier in the day, but it was nearly three o\' clock when Greg and Stuart had dropped us off in the parking lot below Keene Wonder mine. The plan, conceived by Greg, was simple: two guys hike through while two guys drive around and meet them on the other side.<br /><br />It would become the signiture of our trips, these \"through-hikes\", ultimately refined to an art form: linking trails through canyons choaked with brush, finding a finger of ridge to descend by moonlight, the swig of Tequilla at the beginning, an icy Corona with lime waiting at the end, steaks sizzling, feet sore, all smiles and stories and \"I can\'t believe we just did that\" all around.<br /><br />Ultimately, 2-meter radios and GPS would be added to mix. But for now, it was just Cam and I, a slightly damp USGS map and one small walkie-talkie -- the kind you tried to play with as a kid but always got frustrated because they sucked so bad.<br /><br />Greg and Stuart had the other walkie-talkie.<br /><br />They also had Reep-i-cheep.<br /><br />I\'d considered bringing her on this hike, but her on-again-off-again limp had recently returned. So instead of hiking, the goofy dog rode. Considering what the hike had turned into, it was probably a good thing.</p>\r\n<p><span style=\"padding: 1px 4px; position: absolute; -moz-appearance: tooltip; color: #000000; z-index: 10000; cursor: pointer; left: 430px; top: 228px;\">save</span></p>','2010-05-20 17:58:49','2010-05-28 16:59:47',2,'\"Dude, we should probably be moving faster.\"','funeral_mtns_hike_2.jpg','image/jpeg',238718),(3,1,'<p>My memory on some parts of this is a little fuzzy now, as it was\r\nalmost 11 years ago. I\'ll probably leave a few things out,\r\naccidentally. But as I recall, we didn\'t start this hike till about 3\r\nin the afternoon. I think we had been looking around Artists Palette\r\nand decided to go over there. We talked about how we had the topo and\r\nit didn\'t look that far and would be kind of fun for a couple of us to\r\nhike to a certain point and the others would drive around and pick the\r\nhikers up. I knew right away that I wanted to hike this. I think\r\nsomeone said, \"So, who\'s up for it.\" I said, \"I\'ll go.\" and so did Dan.\r\nGreg nodded and said, \"OK, we\'ll meet you at this point,\" pointing to a\r\nlocation on the map where a road came to an end.</p>\r\n<p>So\r\nDan and I set off. I remember that it was uphill. A LOT uphill. We were\r\nclimbing and climbing and climbing. It was a really beautiful hike.\r\nThere were cool wild flowering cacti which looked pretty cool. I got a\r\npicture, even. And there were lots of mine shafts. Early on, we saw a\r\nfew mining structures, one of which had a cable that went across to a\r\npart of the hillside like a tyrolean traverse.</p>\r\n<p><img src=\"/system/images/4/large_thumb/funeral_mtns_hike_1.jpg\" border=\"0\" alt=\"image\" width=\"370\" height=\"230\" style=\"float: left;\" />Dan\r\ndid all the navigating. I am (as everyone knows) clueless when it comes\r\nto navigation. One of my favorite pictures is of Dan\'s back looking at\r\nthe map and there\'s a huge expanse of desert in front of him. I just\r\nlove that picture because it pretty much described how we felt all day.\r\n\"Hmm, I think we\'re right here...\" I was pretty sure Dan would find our\r\nway through. I just did my best to keep a cheerful disposition.</p>\r\n<p>As\r\nthe afternoon progressed, we noticed rain clouds were chasing us. They\r\nlooked a little nasty, so we went as fast as we could. Plus, it was\r\nstarting to get dark. The trail was vague enough that it was getting\r\nhard to follow in the dark. When I stopped to take another picture of a\r\nflower or something, Dan said, \"Dude, we\'d really better keep moving.\r\nIt\'s getting dark.\" We started to scout different mine shafts, saying,\r\n\"well, we could stay there tonight if we had to.\"</p>\r\n<p>The\r\nrain started. It was very light. We were being caught by the rain, but\r\nit wasn\'t heavy enough to make the ground slippery or truly miserable.\r\nI was wearing a t-shirt, and had a flannel in my backpack. I remember\r\nnot wanting to take the flannel out in case we had to sleep in a cave,\r\nI\'d have something dry to wear. Plus, the climb was hard enough that it\r\nkept my core warm. I did, however, remember feeling my arms and the\r\nskin was cold and wet to the touch, yet I was comfortable.</p>\r\n<p>Well,\r\ndarkness finally set in totally. We were just cresting the top and\r\ntrying to look for Greg and Stuart. Luckily, the trail was pretty\r\nestablished at this point, so we could follow, even in the dark with\r\nflashlights. We had these shitty little CB handhelds that BARELY had\r\nline of sight range. We tried to contact Greg and Stuart, but got\r\nnothing.</p>\r\n<p>I remember walking in the dark along the\r\ntrail and seeing some headlights driving perpendicular to our trail\r\nfrom the left. Then they stopped. I said, \"Is that them?\" Dan said, \"I\r\ndon\'t know.\" Then he pointed his mag-light at them and flashed it a\r\ncouple times. To our great relief and shouts, they flashed back. As we\r\ngot closer, we tried the radio again and finally got them. I think we\r\nsaid a lot of things like, \"HOLY SHIT!\" etc...</p>\r\n<p>That\r\nnight we decided, rather than cooking at a camp to go down to town\r\n(Ridgecrest, I think) and get some steaks at a restaurant. It was\r\ngreat. It felt so surreal to be in a restaurant after hiking through\r\nwhat we did. It was an amazing hike and I feel it really solidified my\r\nfriendship with Dan. Ever since then we\'ve had an understanding that\r\ngoes beyond what a lot of friends have.</p>','2010-05-20 18:03:21','2010-05-28 16:54:39',1,'Late in the afternoon, we began hiking up the Funeral Mountains...','funeral_mtns.jpg','image/jpeg',234908),(4,3,'<ul>\r\n<li>Lush canopy trail</li>\r\n<li>Panamint City</li>\r\n<li>Guys on ATVs</li>\r\n<li>Sentinel Peak (from below)</li>\r\n<li>Hungry Bill\'s Ranch</li>\r\n<li>Road Head Camp</li>\r\n</ul>\r\n<p>This was a great hike. It was hard as hell, but awesome. I only remember fragments now. I remember we all had double water-bottle fanny packs for the hike. They worked pretty well, except that they had limited storage for food, etc. Part of the hike led us up a narrow path through a canopy of vines. We stopped there for lunch. I remember eating oranges and banana flavored power bars. Greg mentioned that nothing banana \"flavored\" ever actually tasted like bananas. I had to admit he was right.<br /><br />Further on up in Panamint City, we stopped again under a huge smoke stack. We saw some of the homes that the miners had. They consisted of 3 mud and rock walls, presumably covered with a wood roof at the time. Just big enough for someone to lay down. Dan said that in its heyday, Panamint City sported 50 shooting deaths in 4 years (or something like that). I guess the gun was pretty much law up there. That kinda blew me away. While there, we met some guys on ATVs coming through. They asked us how far we were going. We said all the way through to Johnson Canyon on the other side. They seemed a little skeptical. Hah!<br /><br />Originally, we had intended to go to the top of Sentinel peak. But our time was running short. We still had a long way to go to get to camp. So Dan told Greg to set an agressive pace. We did our best to keep up with him, but the fucker pretty much left us in the dust. It was a brutal pace. By the time we were within 100 yards of the crest of the saddle, Dan and I were nearing the point of exhaustion. We put our arms around each other and practically carried each other the rest of the way up.<br /><br />At the top, we took another rest. Greg said, \"This would be a good place for a USGS marker.\" Then, \"Oh, hey. There it is!\" We opted not to go up Sentinel peak. Mostly because it was getting late. Not because we were too tired or anything. Nope, we could have done it easy. Seriously... No, seriously.<br /><br />So we headed down into Johnson Canyon. On the way down, we were sliding down loose shale. We took as much care as possible so we didn\'t twist an ankle or anything. But I remember we ended up kind of skiing down it trying not to be directly below one another so as not to take an ankle buster. As we descended, we saw the lush area of Hungry Bill\'s Ranch. There\'s a spring there, so there is a lot of vegitation.<br /><br />What we hadn\'t planned on was just how much vegitation. It was clogged with it. There was no good trail around it. The trail would go to the left of the brush, then cut across on hands and knees trail through the brush, then pick up on the other side for a few. We tried hiking off the trail, but the walls got so steep that out footing became dicey. Dan tried to just machette his way through the brambles, but with only a Swiss Army knife, it was slow and arduous. He eventually gave up.<br /><br />We\'d find the trail, then lose it, then find it, then lose it. Hours of that. Reep would be under our feet trying to find the right way. I can\'t tell you how annoying it is to have a dog underfoot when you\'re so tired you\'re barely still walking.<br /><br />It got darker and darker, and eventually, started to level off. We finally raised Skip on the radio and he said he had a camp site and was just waiting for us to arrive. I remember being so damn happy to hear from them. Skip came out and met us for the last couple hundred yards or so. And just as we were about to get back to camp, Greg twists his ankle to hell. Seemed so damn ironic. I guess that\'s when it happens, though. When you think you\'re home free. We were all just happy it happened there and not up at the top of Johnson Canyon. That would have made the hike much more interesting.<br /><br />When we finally got to camp, we drank many beers. I think we had steak and baked potatoes. Can\'t quite recall, but I know it tasted damn good. I slept very well that night.</p>','2010-05-20 18:09:11','2010-05-28 16:56:29',1,'Greg, Dan and I blitzed up and over the saddle near Sentinal Peak and down into Johnson Canyon.','panamint.jpg','image/jpeg',306640),(5,4,'<p>As I watched Dan and Greg drive off, a cloud of dust blew away\r\nperpendicular to their travel. That was always what you hoped for while\r\ndriving in Death Valley. Especially if you were driving behind another\r\nrig. A cross wind meant you weren\'t breathing the dust kicked up by the\r\nlead vehicle.</p>\r\n<p>I turned to Stuart and he was looking across Badwater at the\r\nhills in the distance. We were standing near Shorty\'s grave. We\'d\r\ndecided that we\'d go ahead and hike across Badwater itself. Go as low\r\nas you can go in this hemisphere.</p>\r\n<p>He said, \"You know, it only\r\nlooks like about 20 minutes from here...\" I laughed. He was right. It\r\ndidn\'t look like 8 miles. It looked like you\'d start wandering that\r\ndirection and be there in about, yes, 20 minutes.</p>\r\n<p>Dan and Greg\r\nwent to drop off one of the vehicles. They\'d be back in about 20\r\nminutes. But it would take us far longer to walk that 8 miles.</p>\r\n<p>It\r\nhad been an amazing trip so far. We\'d done so many things. This,\r\nhowever, seemed like it would be a kind of pinnacle. As it turned out,\r\nit truly was. This was, and I think still is, the hardest hike I\'ve\r\never done.</p>\r\n<p>I remember telling Stuart that I was studying Tae\r\nKwon Do. It was actually a big deal to tell him. I\'m not the kind of\r\nperson that keeps secrets. I usually end up blabbing everything about\r\nmyself to my friends. But this one, I decided to keep to myself for 6\r\nmonths. I wanted to make sure I was going to stick with it before I\r\nwent bragging to my friends that I was going to learn Tae Kwon Do. But\r\nI had received my first colored belt just prior to the trip, so I felt\r\nI had proven to myself I would stick with it. It felt good to finally\r\ntell someone.</p>\r\n<p>Soon after, Dan and Greg came back in the Scout.\r\nThey were talking about those damn washes on the West Side Highway. The\r\nwater comes through from the alluvial fans in little rivulets across\r\nthe highway. The result is small trenches across the road about 1 foot\r\nwide and 7 or 8 inches deep. Just enough to knock the hell out of your\r\nvehicle. They had hit one hard and gave the Scout a good slam.</p>\r\n<p>Dan\r\ndecided to leave Reepacheep in one of the vehicles because she wasn\'t\r\nwalking so well. I think her paws were sore from the gravel she wasn\'t\r\nused to.</p>\r\n<p><img src=\"/system/images/6/large_thumb/badwater_hike_2.jpg\" border=\"0\" alt=\"image\" width=\"370\" height=\"225\" style=\"float: right;\" />We set off and started joking that it looked like the\r\nother side was about \"20 minutes from here.\" The ground itself was\r\nsurprisingly spongy. It was sort of like a chocolate chip cookie that\r\nwas crispy on the outside, and chewy inside. My boots crunched through\r\nthe thin shell at the top and sponged into the soft earth beneath. Very\r\nweird, but also very cool.</p>\r\n<p><img src=\"/system/images/5/large_thumb/badwater_hike_3.jpg\" border=\"0\" alt=\"image\" width=\"370\" height=\"222\" style=\"float: left;\" />As we continued to walk, the clouds\r\nin the sky reminded us that there was occasionally a bit of moisture in\r\nDeath Valley. The sky above the hills were amazing to look at in all\r\ndirections. The spongy groud, however, slowly transitioned into\r\nsomething altogether more moist. The further we went, the muddier it\r\ngot. The treads on my boots were caked with it as I continued to walk.\r\nI could feel the weight every step I took. As we continued on, the mud\r\nbecame deeper and deeper. Each step I took was not \"lifting\" my foot,\r\nbut \"pulling\" it free of the mud. The effort, after a few miles, was\r\nintense. I would stop for short rests as we went and I realized that\r\nthe longer I waited, the deeper I sunk. The faster you kept moving, the\r\nless you would sink and so the less you\'d have to pull to get your foot\r\nto the next stride. But the fatigue was incredible, yet it still looked\r\nlike \"20 minutes from here.\"</p>\r\n<p>I looked back to see Stuart close\r\nbehind me, clearly not enjoying his fatigue. I said, \"You\'re really\r\nliving now, huh?\" I laughed, but I don\'t think he felt like joining me\r\nin that laugh. He acknowledged me and just kept plugging along. What\r\nelse could we do? We\'d come too far to go back. The only choice was to\r\ngo on.</p>\r\n<p><img src=\"/system/images/7/large_thumb/badwater_hike_1.jpg\" border=\"0\" alt=\"image\" width=\"370\" height=\"260\" style=\"float: right;\" />I turned around at one point and the sky was just\r\nbreathtaking. I decided it was worth sinking a couple inches into the\r\nmud to get that shot. So I pulled out my camera and snapped a few\r\npictures. One, in particular, is my favorite. You can see all our sets\r\nof footprints in the mud beneath a sky peppered with rain clouds as you\r\nlook back to the Panamind range. Satisfied, I put my camera back in my\r\npack and began trudging again.</p>\r\n<p>I remember cursing Greg because\r\nhe was waaaay ahead of the rest of us. He\'s just a great hiker. I can\'t\r\ndeny it. I would like to say that it was easier for him because he\r\nweighs less than&nbsp;I do. But mostly it\'s that he\'s got an amazing\r\nconstitution. Fucker.</p>\r\n<p>A little further on, I saw something I\r\ntruly did not expect. The glare of the what sun there was on water. My\r\nmind quickly did some calculations: Dirt + Water = Mud. Dirt +\r\nMORE&nbsp;Water = DEEPER Mud. And if it was completely submersed, then the\r\nbottom of that water was likely a slog of strange and unpleasant goo. I\r\nthought of my camera with my Pulitzer winning photos. If I had to swim\r\nthrough that water, my camera was toast. But what if it was too shallow\r\nto actually swim through, yet the mud was thick enough to be... a bog?\r\nHmm.</p>\r\n<p>I admit, I was nervous for about 5 good minutes, then\r\nfigured, \"What the fuck. What\'s the worst that could happen? I\'d die?\r\nI\'ve had it coming for years... Plus, Greg will die first cause he\'s in\r\nthe lead...Fucker.\"</p>\r\n<p>Interestingly, when we got to the water,\r\nit did not produce an increase in mud. In fact, the water was a god\r\nsend. There was an icy layer of salt at the bottom of the water. All\r\nfresh water has SOME salt in it. And when the lake that once filled\r\nDeath Valley evaporated, the salt couldn\'t evaporate with it, so it\r\njust stayed down there. That\'s actually what makes up the Devil\'s Golf\r\nCourse. Just brown salt instead of white salt. This stuff was all\r\nwhite. And the water itself was completely saturated with salt. It was\r\nso lousy with salt that it felt like gasoline on your fingers.\r\nFortunately, it was only 2 deep where we walked through. As it splashed\r\nmy hands and legs, then dried, the salt looked like white paint. I was\r\nhappy that I was wearing shorts. I think walking through that with\r\npants must have felt a little ugly.</p>\r\n<p>But the good part was that\r\nthe mud was gone. The going in the water was MUCH MUCH easier. I looked\r\nback at Stuart and he was smiling. I\'d almost say \"giddy.\" I know *I*\r\nfelt a whole lot better.</p>\r\n<p>Perhaps another mile of that and we\r\nwere on the other side. We got there and all hugged. I looked down at\r\nmy legs and they had salt crystals forming on the hairs. They felt like\r\nVelcro when they touched.</p>\r\n<p>We met the road where the Ranger was\r\nparked. A little tourist parking lot where people can hang out at -282\r\nfeet. Greg said that some people saw him coming to the road and asked\r\nhim, \"How far out did you go?\" Greg said, \"I came from the other side.\"\r\nApparently they didn\'t look like they believed him. Oh well... This was\r\nOUR day. OUR hike. We didn\'t need anyone to believe us. We did it. Now\r\nit was time for some beers.</p>','2010-05-20 18:16:09','2010-05-28 16:57:20',1,'Is that water up ahead?  Able was I ere I saw Elba.  Able was I ere I saw Elba.  Able was I ere I saw Elba.  Able was I ere I saw Elba.  Able was I er','badwater_hike_1.jpg','image/jpeg',145946),(6,4,'<p>\"Herm... it doesn\'t look that far.\" That was the first thought. Almost disappointed, but not wanting to admit it.</p>\r\n<p>It\r\nwas the morning of my thirtieth birthday. This trip happened for this\r\nreason. This hike. This trek across the valley floor. A moment of\r\ntransition. A moment to claim as my own. \"What did you do for your\r\nbirthday?\"</p>\r\n<p>\"Oh, I walked across Death Valley.\"</p>\r\n<p>Cool.</p>\r\n<p>\"I stood at the lowest possible point in the Northern Hemisphere.\"</p>\r\n<p>Yeah. It sounded good to me.</p>\r\n<p>But\r\nthis... this didn\'t look like a challenging hike. It looked like a\r\npleasant stroll... I figured, what, twenty minutes to cross?</p>\r\n<p>Greg\r\nand I had often poured over maps of Death Valley in the past. The idea\r\nof the place always scared me, lets be honest. The very names conjured\r\nhazards of mythic proportions: Dante\'s View, Funeral Mountains, Hell\'s\r\nGate, Starvation Canyon, Coffin Peak, Furnace Creek, Dry Bone Canyon,\r\nand the subtle, Badwater.</p>\r\n<p>Badwater. That was the one that\r\nalways stuck in my mind. That one spot on the map grounded the\r\ndramatic, sweeping scope of the valley. A spot that denoted despair.\r\nNot a place to stop and marvel, but a place to move on away from.\r\nBadwater.</p>\r\n<p>\"Looks like it\'ll take about twenty minutes,\" Dan\r\nsaid squinting into the rising sun. The winds that had plagued us the\r\nnight before were gone. There were dark clouds hanging above the\r\nPanamint Range behind us, but the Funeral Mountains before us looked\r\nclear.</p>\r\n<p>We were all in good humor as we stood on the West Side\r\nHighway looking east. The only debate was whether to bring the\r\ncamcorder or not, but I opted not to. Cam said he was going to bring\r\nhis camera. Luckily it still seemed to work despite that it took a\r\nnasty ding the afternoon before, during our repelling adventure.\r\nBesides, I was pretty sure the other three were pretty fed up with\r\nhaving a camcorder in their face. Plus, there still was a chance of\r\nrain.</p>\r\n<p>\"So what do you want to do if we hit water?\" Greg\r\nshrugged. Deal with it, was the unspoken attitude. And with that we\r\nstarted out, laughing and working out the morning kinks. I took some\r\npictures of the dogs, and then slowly we all started to separate. I\r\nbranched out to the south, Cam to the north, Greg setting a quick,\r\nlight pace as is his way, up ahead.</p>\r\n<p>The silence of the valley\r\nwas magnificent. The view was unbroken by anything that gave a scale of\r\ndistance. There was just a breeze rumbling in my ears. Without any\r\nfamiliar distractions I became introspective, as was the idea for the\r\nday. I wandered off course for a good while until I felt completely\r\nalone. I found a good spot to lie down at, spread my arms out wide and\r\nstared at nothing but the clouds that drifted overhead. I had thought\r\nthat this place might become oppressive, make me edgy. But instead I\r\nfound a calming peace. I felt as if I were lying at the center of the\r\nuniverse. Everything revolved around me without touching me. I couldn\'t\r\nstop smiling. It was such a wonderful present. Happy Birthday, I told\r\nmyself.</p>\r\n<p>As I stood to resume my hike, I got such a head-rush.\r\nThe whole bowl of the valley seemed to sweep up and away from me.\r\nWhether it was from being two hundred eighty two feet below sea level,\r\nor the topography, or the atmosphere, I didn\'t know. But the Funeral\r\nMountains still looked about twenty minutes away.</p>\r\n<p>The ground\r\nslowly turned from a dusty hard pack to a soft plain that was a\r\npleasure to walk on. My knees and ankles, and especially my flat arches\r\nsighed with relief. While not dramatic, this was turning into a\r\npleasant stroll. I had to keep an eye on the Funeral cliffs, which\r\ndenoted where the trucks were parked, and maybe one eye on the shimmer\r\nthat came from the valley floor, which may be the lake, or just a heat\r\nmirage.</p>\r\n<p>A chilly wind brought a few sprinkles of rain. Just\r\nenough to roll down my sleeves and justify not bringing the camcorder.\r\nThe idea of rain seemed doable, but a downpour would probably turn the\r\nsoft turf to mud, and that was not something I wanted to look forward\r\nto.</p>\r\n<p>And speaking of turf, we crossed a demarcation line and\r\nthe sparse shrubs and copse of weeds vanished. Our feet just broke the\r\nground crust leaving slight indentations. Again, pleasant.</p>\r\n<p>Greg slowed down and Cameron and I regrouped with Dan once more.</p>\r\n<p>\"Looks like about, oh, say, twenty minutes to the other side,\" Dan laughed.</p>\r\n<p>I\r\npointed to the shimmer up ahead, \"That mirage sure does look like\r\nwater.\" Greg agreed and we shifted our route a little more south.</p>\r\n<p>It\r\nwas water all right. Water and waves. I knew that this had been too\r\neasy. Now would come the challenge. Would it be safe? Would we have to\r\nwade, or even swim? There was no way to tell. We could only trudge on.</p>\r\n<p>\"It\r\ncouldn\'t be all that deep, could it?\" I asked aloud to no one. With my\r\nconcentration on the distance I failed to note that we crossed another\r\nground demarcation line. It was a darker one this time. The crust was\r\nthinner and the soft pack underneath wetter. \"Whoa\" Cameron slipped and\r\ncaught himself. I felt my boots become heavier as mud clotted between\r\nthe treads of my boots, then to the soles, in larger clumps. Hopefully,\r\nit would not get worse...</p>\r\n<p>It got worse.</p>\r\n<p>We were all\r\nside by side then as we slogged through, becoming more and more aware\r\nof each step we took. I thought it was more of an annoyance,\r\nspeculating that once we hit the water our troubles would really begin.</p>\r\n<p>The\r\namount of mud caked to my boots had become troubling. Damn things were\r\ngetting heavy. It broke my pacing and required more energy than I\r\nwanted. I felt it in my thighs the most. And I had to begin to\r\nconcentrate. And it was getting deeper. My feet sloshed around as my\r\ntoes disappeared underneath the mud. I started to hear sucking sounds\r\nwhen I brought each foot up, and squelching sounds when my foot came\r\ndown. I was definitely annoyed. Even Greg had begun to slow down. Dan\'s\r\nface had become set, and Cameron, deep in the experience, looked like\r\nhe was in awe - like a kid experiencing snow for the first time.</p>\r\n<p>I\r\nremember turning and looking behind us and seeing the straight tracks\r\nof footprints that lead from across the valley floor. Cameron stopped\r\nto take the picture. I thought then, as I still do now, that it is a\r\nwonderfully symbolic shot and am proud to have been part of it.</p>\r\n<p>Unfortunately,\r\nthat pride quickly evaporated as we trudged against the mud. I was\r\nreduced to a snails crawl. Each step took effort. Signs of fatigue were\r\nshowing. I could no longer feel my toes, then the balls of my feet.\r\nEveryone else was having trouble too, but it became apparent that I was\r\nstruggling the most.</p>\r\n<p>I was losing my happy thought.</p>\r\n<p>Ahead, the expanse of mud seemed to stretch for miles, ending only with a far greater obstacle, the lake. Badwater.</p>\r\n<p>My\r\nthighs were trembling now, burning with fatigue. Some times when I\r\nstepped down, I could not feel any solid ground, just depthless mud\r\nsucking me down. I had to immediately shift my weight and wrench my\r\nback foot up without loosing my boot to the gripping mud. Then repeat.\r\nAnd repeat. Then...</p>\r\n<p>I was straining hard. And I hadn\'t gone\r\nanywhere. A prevailing sense of helplessness descended upon me. I did\r\nnot know if I could make it. What then? I mean, they would not be able\r\nto carry me out, right? And the idea of the hike was my idea. Failure\'s\r\nheavy hammer pounded me with alacrity.</p>\r\n<p>Splosh-suck-splosh-suck</p>\r\n<p>None of us could stop in fear of sinking. Mud was over my boots. Needed to rest. Just a moment. Sinking. Must move. So hard now.</p>\r\n<p>Suck-groan-splosh-groan-suck</p>\r\n<p>Dan was concerned with my progress. He slowed so I wouldn\'t be left behind. \"I\'m getting worried,\" I remember telling him.</p>\r\n<p>\"Just keep going.\"</p>\r\n<p>But\r\nto where? More mud? Deeper mud? Attitude has so much bearing when you\r\nare hiking. It is the most dominating force of momentum. And I was in\r\ncritical danger of losing mine.</p>\r\n<p>I don\'t know if Cameron said\r\nit, or I said it back to him, or whether simply remembered his words in\r\nmy head... but his voice, once again declared to me, \"You\'re really\r\nliving now.\"</p>\r\n<p>Ah, yes. To be totally in the moment. But still,\r\nthe mud &ndash; sinking, fighting against it, sinking deeper. I tried anger\r\nas a motivator. Rage. Anything to tap reserves of strength. I saw Greg\r\nup ahead and hated him. I have walked since the beginning of my life\r\nand there he was, up ahead of me with a light tread. Fuck him.</p>\r\n<p>My\r\nthighs were shaking. My calves were aching. I was numb from my ankles\r\non down. My feet were lead. Could not stop. Could not stop.</p>\r\n<p>Fear\r\nset in. If that would not get me out of the mess, I figured nothing\r\nwould. I was embarrassed about how bad my condition was. Panic\r\nover-road pride. I must get out! Everything and everybody was holding\r\nme back. I should be able to fly...</p>\r\n<p>Boy was I becoming\r\ndelirious. Then came a jolt of pure exultation. My right foot found\r\nfirmer ground. Not much, but it was enough to stop and rest. The next\r\nstep I was sinking into the mud again. Hope was ripped away from me.\r\nThen I heard Greg-the-antichrist call out, \"It gets harder up here!\"</p>\r\n<p>I did not think that I could make it. Let me be honest. I was going to die out here.</p>\r\n<p>Cameron then exclaimed, \"Yeah, the ground\'s harder.\"</p>\r\n<p>Dan\r\nwas encouraging me to keep going. Greg and Cam had stopped to cheer me\r\non. My crushed pride was pushed aside by gratitude. My legs were\r\nrubbery. My lower back was strained. Then I felt firmer ground beneath\r\nmy feet. Just a little, but it was enough. Enough to catch my breath\r\nagain. Enough to pause just a moment. Energy quickly returned. I would\r\nwalk two or three steps and pause again. Take the weight off of one\r\nleg. I was able to look up and smile and give the thumbs up sign. Greg,\r\nCam, and Dan applauded. Knowing he was no longer needed, Greg hiked\r\nonward toward the lake. Slowly I caught up with Dan and Cam.</p>\r\n<p>\"Dude, I thought I was going to die.\"</p>\r\n<p>\"That was harsh, man.\"</p>\r\n<p>I\r\nwas ready to piss myself with fatigue, but as long as was out of the\r\nmud, I didn\'t care. The ground was no longer flat, but increasingly\r\nrough with small ruts and burms encrusted with a layer of salt. We had\r\nto watch where we were stepping. It was easy to twist something or take\r\na tumble. But it was exhilarating to be able to walk on top of the\r\nground, not in it.</p>\r\n<p>I had found my happy thought again.</p>\r\n<p>When\r\nwe hit Badwater Lake I no longer cared. Fatigue had sapped all of my\r\nanxieties about what lay ahead. Sure, the ground started to turn to mud\r\nagain. Didn\'t care. Sure, we were slipping. Didn\'t care. Sure, there\r\nwere waves on the glistening water. Didn\'t care. Sure, I would sink up\r\nto my ass in mud and water and salt... Oh well. Cameron had said it.\r\nLive in the moment. I was too tired not to. Besides, I was powerless to\r\nchange what was up ahead. And it was a freeing experience.</p>\r\n<p>The lake looked much too large to go around so Greg plunged ahead.</p>\r\n<p>Funny\r\nthing about fatigue and perspective. It looked like Greg was walking on\r\nthe water. The glare, the clouds, the atmosphere, mixed with the\r\nexhaustion and tunnel vision, Greg was trotting along the top of the\r\nwaves.</p>\r\n<p>Crazy.</p>\r\n<p>Then Dan hit the water way off to my\r\nright. He did not sink. \"It\'s not too bad!\" he called out. Cameron was\r\nat an equal distance off to my left, and, I\'ll be damned, he too was\r\nwalking on the waves.</p>\r\n<p>Just as I neared the lake the ground\r\nfirmed right up again. The salt had crystallized so thickly that I had\r\nsolid footing. Then I too, stepped into the water.</p>\r\n<p>I had to\r\nlaugh. It was only inches deep. It was so vast that the wind caused\r\nripples that looked like miniature waves. From a distance, without\r\nanything around it to give it perspective, they looked like ocean waves.</p>\r\n<p>The laughter came from down deep.</p>\r\n<p>The\r\neuphoria lasted for the rest of the hike. Sure, the water started\r\ngetting deeper. Big deal. There were a couple of dips that brought the\r\nwater up past my knees, but if I would have to swim, then I would swim.\r\nBut it never came to that. I remember looking out to my left and seeing\r\nCameron, a silhouette walking on top of what looked like a glistening\r\nsilver sea, and shouted, \"Cameron, You are the only pagan that I know\r\nthat can walk on water!\"</p>\r\n<p>Dan, to my right, was also a dark\r\noutline, save for his smiling teeth. Greg was a dot on the ocean up in\r\nfront. I saw him pause once, turn back to us, and stomp his feet, He\r\nwas on dry land again. The thought crossed my mind - what if there was\r\nmud on the other side? Would I be able to get through? I could only\r\nride the wave of emotions that carried me forward and not stop, just\r\nkeep going to the end.</p>\r\n<p>After all, it looked like it would only take, say, twenty minutes.</p>\r\n<p>I\r\noften wonder if our footprints are still there - immortalized for all\r\ntime, across one of the deepest parts of the world. Or, more probably,\r\nhas wind and water and time swept the valley clean again - forever\r\npristine, forever forbidding. I don\'t know. It doesn\'t matter, really.\r\nBut to me the thought will stand forever; a testimony to adventure, and\r\nto the bonds of friendship. They will be imprinted forever - like\r\nfootprints on the moon.</p>','2010-05-20 18:20:19','2010-05-28 17:02:13',5,'It was the morning of my thirtieth birthday. This trip happened for this reason. This hike. This trek across the valley floor.','badwater.jpg','image/jpeg',147663),(7,5,'<p>We arrived at Barker Ranch and took it all in. I was surprised at\r\nhow it looked. It was a fairly decrepit structure, yet there were many\r\nnice parts too. There was spring-fed irrigation hosing keeping\r\nbeautiful irises alive.</p>\r\n<p>Part of our mission on the trip was to\r\nfind Charle\'s Manson\'s bus. Once we took a look at the building of the\r\nranch itself, most of us fanned out to search for the bus. I headed out\r\nshirtless, with only my Death Valley cap and an FRS radio. I walked up\r\nthe hill with Greg, Dan, Edric and the rest. Eventually, we fanned out\r\nenough that we were mostly out of eye-shot. We communicated over radio\r\nregarding our progress. I wanted to find it bad. I hiked as fast as I\r\ncould. I saw something that looked like white-painted metal down in a\r\nsmall canyon. I rushed down to look at it. It was only a flat white\r\nrock. I repeated this a few times as I got further and further from\r\nBarker Ranch.</p>\r\n<p>Eventually, we decided to call off the search\r\nfor the day. So we all started to head back. I came down the ridge I\'d\r\nclimbed. However, the fingers of the ridges and canyons were\r\nintertwined. I found I\'d come down a different ridge than I\'d gone up.\r\nAs I hiked down, I came to a road. I quickly realized I\'d gone the\r\nwrong way. I began to hike a tangental route back to where I thought\r\nthe ranch was. As I hiked, I heard a scratch on the radio. I hiked to a\r\ntall spot and made contact. Here is where we had our oft quoted\r\nconversation.</p>\r\n<p>\"Which way is west?\"</p>','2010-05-20 18:24:03','2010-05-28 16:58:19',1,'Searching for Charlie Manson\'s bus near Barker Ranch.  \"Which way is west?\"','barker_ranch.jpg','image/jpeg',123504),(8,6,'<p>I\'ll have to write this one up for real later. But I remember hiking\r\nthrough a lot of sand on this one. It was very hard. This is probably\r\nthe hardest hike we\'ve ever done. At least, this is the most tired\r\nafterwards I\'ve ever felt. Mark and Skip were waiting for us at camp\r\nwith Corona\'s with limes in them. Those were the best beers I\'ve ever\r\nhad.</p>','2010-05-20 18:26:29','2010-05-27 19:41:21',1,'It was a long trek through the dessert.','cottonwood.jpg','image/jpeg',207286),(9,10,'<ul>\r\n<li>Rock hand</li>\r\n<li>Cliffs at night</li>\r\n<li>Lava Bomb field</li>\r\n<li>S-curve rock crack</li>\r\n<li>Sunset from the summit</li>\r\n<li>Joaquin\'s bloody paws</li>\r\n<li>Mark\'s headlights in the distance.... FAR in the distance</li>\r\n</ul>','2010-05-27 17:47:23','2010-05-27 19:42:30',1,'15 miles and 15 hours.  We were tired after this one.','last_chance.jpg','image/jpeg',420681);
/*!40000 ALTER TABLE `hike_stories` ENABLE KEYS */;
UNLOCK TABLES;

--
-- Table structure for table `hikes`
--

DROP TABLE IF EXISTS `hikes`;
/*!40101 SET @saved_cs_client     = @@character_set_client */;
/*!40101 SET character_set_client = utf8 */;
CREATE TABLE `hikes` (
  `id` int(11) NOT NULL auto_increment,
  `name` varchar(255) collate utf8_unicode_ci default NULL,
  `date` date default NULL,
  `created_at` datetime default NULL,
  `updated_at` datetime default NULL,
  `album` varchar(255) collate utf8_unicode_ci default NULL,
  `trip_id` int(11) default NULL,
  `photo_file_name` varchar(255) collate utf8_unicode_ci default NULL,
  `photo_content_type` varchar(255) collate utf8_unicode_ci default NULL,
  `photo_file_size` int(11) default NULL,
  `map_points` text collate utf8_unicode_ci,
  `map_tracks` text collate utf8_unicode_ci,
  PRIMARY KEY  (`id`)
) ENGINE=InnoDB AUTO_INCREMENT=12 DEFAULT CHARSET=utf8 COLLATE=utf8_unicode_ci;
/*!40101 SET character_set_client = @saved_cs_client */;

--
-- Dumping data for table `hikes`
--

LOCK TABLES `hikes` WRITE;
/*!40000 ALTER TABLE `hikes` DISABLE KEYS */;
INSERT INTO `hikes` VALUES (1,'Funeral Mountains','1995-02-28','2010-05-18 17:25:37','2010-06-04 21:50:13','',1,NULL,NULL,NULL,'<?xml version=\"1.0\" encoding=\"UTF-8\"?>\r\n<kml xmlns=\"http://www.opengis.net/kml/2.2\" xmlns:gx=\"http://www.google.com/kml/ext/2.2\" xmlns:kml=\"http://www.opengis.net/kml/2.2\" xmlns:atom=\"http://www.w3.org/2005/Atom\">\r\n<Document>\r\n	<name>KmlFile</name>\r\n	<Style id=\"sn_blue-pushpin\">\r\n		<IconStyle>\r\n			<scale>0.9</scale>\r\n			<Icon>\r\n				<href>http://maps.google.com/mapfiles/kml/pushpin/blue-pushpin.png</href>\r\n			</Icon>\r\n		</IconStyle>\r\n	</Style>\r\n	<Style id=\"sn_blue-pushpin0\">\r\n		<IconStyle>\r\n			<scale>0.9</scale>\r\n			<Icon>\r\n				<href>http://maps.google.com/mapfiles/kml/pushpin/blue-pushpin.png</href>\r\n			</Icon>\r\n		</IconStyle>\r\n	</Style>\r\n	<Style id=\"sn_ylw-pushpin\">\r\n		<LineStyle>\r\n			<color>ffff0000</color>\r\n			<width>4</width>\r\n		</LineStyle>\r\n	</Style>\r\n	<Folder>\r\n		<name>Funer Mtns Hike</name>\r\n		<open>1</open>\r\n		<Placemark>\r\n			<name>Hike Up Path</name>\r\n			<styleUrl>#sn_ylw-pushpin</styleUrl>\r\n			<LineString>\r\n				<tessellate>1</tessellate>\r\n				<coordinates>\r\n-116.9100960615469,36.66808563327113,0 -116.9100098129273,36.66849805070975,0 -116.9098530005733,36.66885192526793,0 -116.9096485085768,36.66942327921211,0 -116.9095048632964,36.67000289559864,0 -116.9089275138848,36.67041668989972,0 -116.9085328053921,36.67073570399894,0 -116.9081219465399,36.67118278153553,0 -116.9075183274706,36.67194550266326,0 -116.908020968972,36.67261760288263,0 -116.9086279103957,36.67314330128577,0 -116.9086620445457,36.67389791346027,0 -116.9085353718621,36.67438556794345,0 -116.9079424694062,36.67516651487474,0 -116.907313987128,36.67594832771406,0 -116.9068380764492,36.67648379985177,0 -116.9062703162787,36.67697327472524,0 -116.9059823243182,36.67744505598549,0 -116.9054922425746,36.67811220052553,0 -116.9050195339547,36.67823985549006,0 -116.9040192155214,36.67861787526675,0 -116.9036003301228,36.67870490102217,0 -116.9034675725437,36.67913209286333,0 -116.9034073820554,36.67949811811548,0 -116.9029408420327,36.67978517844083,0 -116.9025511031366,36.6802908142083,0 -116.9021692369038,36.68074987890744,0 -116.9019303755248,36.6811340255986,0 -116.9017375388273,36.68151970626486,0 -116.9013239174741,36.68144947891247,0 -116.9011129270213,36.68090222283353,0 -116.9006270874081,36.68068148554178,0 -116.9003279399733,36.6810368229625,0 -116.9003949280828,36.68140159420637,0 -116.9003333474579,36.68186682931741,0 -116.9003122286729,36.68244815799928,0 -116.9002376187194,36.68265649955584,0 -116.8999219493111,36.68331245737565,0 -116.8997957421779,36.68358723615977,0 -116.8994520620373,36.68412431838728,0 -116.8990913822697,36.68456212352758,0 -116.8983092219181,36.68494355888228,0 -116.8977497294596,36.68516660286237,0 -116.8969341932478,36.68465675432271,0 -116.896124596711,36.68476477332276,0 -116.8954613612665,36.68487253385496,0 -116.8946148931752,36.68521734675614,0 -116.8939267286339,36.68541226917838,0 -116.8932677757283,36.68590785706458,0 -116.8928849987231,36.68621282592212,0 -116.8922473543176,36.68657950378591,0 -116.8912312896121,36.68691748618272,0 -116.8906987011429,36.68715434508102,0 -116.8900376617482,36.68746829619781,0 -116.8890562525789,36.68764680931489,0 -116.8883596693821,36.68792215789738,0 -116.8881900034104,36.68821670946698,0 -116.8880292171548,36.68867305478551,0 -116.8874315669973,36.68893606673691,0 -116.8871384216965,36.68893402748778,0 -116.8868147204087,36.68893175878596,0 -116.8862683189153,36.68898074613282,0 -116.8857183274565,36.68926649564984,0 -116.885335040807,36.68957790498484,0 -116.8848550520683,36.69014831986068,0 -116.8847964732675,36.69053703099415,0 -116.88456593974,36.69112141535469,0 -116.8842321072212,36.69163548648938,0 -116.8838903720499,36.69204548175031,0 -116.8837802376977,36.69231420193638,0 -116.883404451924,36.69261965766298,0 -116.8840809066694,36.69296831364777,0 -116.8840828561416,36.69334111211054,0 -116.8845395113288,36.69337540527815,0 -116.884685848726,36.69365096027425,0 -116.8844469847876,36.69400935728854,0 -116.883747762893,36.69433800580326,0 -116.8829032727731,36.69456729712297,0 -116.8827334652925,36.69486952463901,0 -116.8834927761522,36.69479990277305,0 -116.8839243398528,36.69489092553094,0 -116.8838113590947,36.6951938887351,0 -116.883355055508,36.69538085269657,0 -116.8825947828449,36.69542932920623,0 -116.8821082856597,36.69545493299173,0 -116.8815656024391,36.695526971021,0 -116.8810466974425,36.69579469875216,0 -116.8806431701632,36.69601895655159,0 </coordinates>\r\n			</LineString>\r\n		</Placemark>\r\n		<Placemark>\r\n			<name>Hike Start</name>\r\n			<LookAt>\r\n				<gx:TimeSpan>\r\n					<begin>2009-06-27T14:48:15Z</begin>\r\n					<end>2009-10-11T01:58:33Z</end>\r\n				</gx:TimeSpan>\r\n				<longitude>-116.9003826929339</longitude>\r\n				<latitude>36.67591900414444</latitude>\r\n				<altitude>0</altitude>\r\n				<range>3454.422718218038</range>\r\n				<tilt>0</tilt>\r\n				<heading>0.4567181218579947</heading>\r\n				<altitudeMode>relativeToGround</altitudeMode>\r\n				<gx:altitudeMode>relativeToSeaFloor</gx:altitudeMode>\r\n			</LookAt>\r\n			<styleUrl>#sn_blue-pushpin</styleUrl>\r\n			<Point>\r\n				<coordinates>-116.9100362487382,36.66858343955429,0</coordinates>\r\n			</Point>\r\n		</Placemark>\r\n		<Placemark>\r\n			<name>Picked up by Greg and Stuart</name>\r\n			<LookAt>\r\n				<gx:TimeSpan>\r\n					<begin>2009-06-27T14:48:15Z</begin>\r\n					<end>2009-10-11T01:58:33Z</end>\r\n				</gx:TimeSpan>\r\n				<longitude>-116.8836858270629</longitude>\r\n				<latitude>36.69633882783513</latitude>\r\n				<altitude>0</altitude>\r\n				<range>2794.460474020399</range>\r\n				<tilt>0</tilt>\r\n				<heading>0.4666917256313021</heading>\r\n				<altitudeMode>relativeToGround</altitudeMode>\r\n				<gx:altitudeMode>relativeToSeaFloor</gx:altitudeMode>\r\n			</LookAt>\r\n			<styleUrl>#sn_blue-pushpin0</styleUrl>\r\n			<Point>\r\n				<coordinates>-116.8803956674582,36.69637724767838,0</coordinates>\r\n			</Point>\r\n		</Placemark>\r\n	</Folder>\r\n</Document>\r\n</kml>\r\n',NULL),(2,'Skidoo','1995-02-28','2010-05-19 22:26:53','2010-05-19 22:26:53','',1,NULL,NULL,NULL,NULL,NULL),(3,'Panamint City','1995-10-20','2010-05-20 18:05:08','2010-05-20 18:05:08','',2,NULL,NULL,NULL,NULL,NULL),(4,'Badwater','1995-03-03','2010-05-20 18:11:04','2010-05-20 18:11:04','',1,NULL,NULL,NULL,NULL,NULL),(5,'Barker Ranch','2000-10-20','2010-05-20 18:21:35','2010-05-20 18:21:35','',6,NULL,NULL,NULL,NULL,NULL),(6,'Cottonwood','1996-10-20','2010-05-20 18:25:36','2010-05-20 18:25:56','',3,NULL,NULL,NULL,NULL,NULL),(7,'Telescope Peak','2009-10-11','2010-05-24 20:49:21','2010-06-04 21:00:43',NULL,12,'telescope_jack.jpg','image/jpeg',151899,'<?xml version=\"1.0\" encoding=\"UTF-8\"?>\r\n<kml xmlns=\"http://www.opengis.net/kml/2.2\" xmlns:gx=\"http://www.google.com/kml/ext/2.2\" xmlns:kml=\"http://www.opengis.net/kml/2.2\" xmlns:atom=\"http://www.w3.org/2005/Atom\">\r\n<Document>\r\n	<name>KmlFile</name>\r\n	<Style id=\"path0Style\">\r\n		<LineStyle>\r\n			<color>ffff0000</color>\r\n			<width>4</width>\r\n		</LineStyle>\r\n	</Style>\r\n	<StyleMap id=\"path0Style0\">\r\n		<Pair>\r\n			<key>normal</key>\r\n			<styleUrl>#path0Style</styleUrl>\r\n		</Pair>\r\n		<Pair>\r\n			<key>highlight</key>\r\n			<styleUrl>#path0Style1</styleUrl>\r\n		</Pair>\r\n	</StyleMap>\r\n	<Style id=\"path0Style1\">\r\n		<LineStyle>\r\n			<color>ffff0000</color>\r\n			<width>4</width>\r\n		</LineStyle>\r\n	</Style>\r\n	<Folder>\r\n		<name>Telescope Peak Hike</name>\r\n		<Placemark>\r\n			<name>Telescope Peak Hike</name>\r\n			<styleUrl>#path0Style0</styleUrl>\r\n			<MultiGeometry>\r\n				<LineString>\r\n					<coordinates>\r\n-117.0722436905,36.229133606,2419.7756348 -117.071685791,36.229326725,2422.659668 -117.0710420609,36.2294983864,2430.831054700001 -117.0705270767,36.2297987938,2440.4438477 -117.0698618889,36.2298203353,2453.9025879 -117.0691751596,36.2298203353,2459.1896973 -117.0684885979,36.2298417091,2469.7641602 -117.0684456825,36.2295627594,2471.6867676 -117.0684242249,36.229197979,2473.128906200001 -117.0683813095,36.2286400795,2472.6481934 -117.0684027672,36.22808218,2481.3000488 -117.0684242249,36.2275457382,2480.3388672 -117.0684456825,36.2270308379,2483.2226562 -117.0685744286,36.22651577,2485.6259766 -117.0689606667,36.2259578705,2511.1010742 -117.0690464973,36.2254428864,2513.023681600001 -117.0691537857,36.2248849869,2522.1560059 -117.0691751596,36.2243270874,2529.3659668 -117.0692610741,36.2237905618,2539.940429700001 -117.0695829391,36.223382866,2541.8632812 -117.0699262619,36.2229323387,2545.2277832 -117.0702695847,36.2225031853,2556.282959000001 -117.0706558228,36.2221384048,2565.415527300001 -117.0705913659,36.221601963,2578.8737793 -117.0701838378,36.2210655212,2596.6582031 -117.0704197884,36.2205935363,2601.9453125 -117.0707845688,36.2204861641,2649.5307617 -117.0705270767,36.2205719948,2621.652832 -117.0707417373,36.220228672,2630.3041992 -117.0712351799,36.2197350617,2635.5913086 -117.0715141296,36.2193059921,2644.243652300001 -117.0712566376,36.218662262,2658.663085900001 -117.0709133148,36.2181258202,2664.9116211 -117.0704627037,36.2176538352,2681.7348633 -117.0704841614,36.2170959357,2691.348144500001 -117.070248127,36.2165594101,2710.0942383 -117.0706343651,36.2161303405,2713.9394531 -117.0712137222,36.2159585953,2723.0717773 -117.0717930794,36.2156367302,2730.28125 -117.0723295212,36.2153363228,2736.5297852 -117.072930336,36.2151432037,2742.2983398 -117.0735740662,36.2151861191,2751.4306641 -117.0742607117,36.2152934074,2757.1982422 -117.0749044418,36.2155079842,2758.6401367 -117.075548172,36.2156367302,2760.0825195 -117.0762562752,36.2157440186,2771.137207000001 -117.0768784638,36.2158083916,2779.309082 -117.0775437355,36.2157225609,2789.4023438 -117.0781874657,36.2154222373,2794.6899414 -117.0786166191,36.2153148651,2801.4189453 -117.0792174339,36.2151216622,2801.4189453 -117.0798397064,36.2149714585,2801.4189453 -117.0805048943,36.2149714585,2801.4189453 -117.0812345389,36.215057373,2821.606933600001 -117.0819425583,36.2151216622,2838.910644500001 -117.0826292038,36.2153792381,2846.6010742 -117.0832300186,36.2154222373,2854.2915039 -117.0839166641,36.2155079842,2855.2529297 -117.0839381218,36.2155079842,2882.1699219 -117.0847964287,36.2153363228,2876.4018555 -117.0850968361,36.2151002884,2923.0258789 -117.085290039,36.2152504921,2896.1088867 -117.086083889,36.214799881,2894.666992200001 -117.0866847038,36.214735508,2909.5673828 -117.087328434,36.2146282196,2917.738769500001 -117.0879077911,36.2143707275,2922.5449219 -117.0884656906,36.2140917778,2932.1586914 -117.0891308784,36.2140703201,2939.368652300001 -117.0897746086,36.2140058633,2931.1967773 -117.090075016,36.213490963,2926.8710938 -117.0905256271,36.2131047249,2923.0258789 -117.0909762383,36.2126755714,2924.9482422 -117.0913410187,36.2123537064,2923.0258789 -117.091319561,36.2123537064,2925.909668 -117.0914267655,36.2121605873,2923.0258789 -117.0917916298,36.2117099762,2921.5839844 -117.0922852401,36.2113237381,2920.622558600001 -117.0929288864,36.2110661622,2923.5063477 -117.0931863785,36.2106156349,2923.5063477 -117.0934224129,36.2101650238,2926.8710938 -117.093744278,36.2096500397,2926.3901367 -117.0942162629,36.2092638016,2925.909668 -117.0946670417,36.2088561058,2928.793457 -117.0950317383,36.208384037,2926.8710938 -117.0953320619,36.2078905106,2926.8710938 -117.0956110954,36.2073755264,2927.832031200001 -117.0960617065,36.2069892883,2927.832031200001 -117.0965980645,36.2066459656,2927.832031200001 -117.09649086,36.2062168121,2925.909668 -117.0961689949,36.2057446595,2923.9873047 -117.0958685875,36.2052512169,2923.5063477 -117.0956110954,36.2047576904,2924.467773400001 -117.095310688,36.204264164,2924.467773400001 -117.0948815346,36.2038350105,2922.5449219 -117.0944523811,36.2034059409,2919.6611328 -117.0939589385,36.203019619,2918.219238300001 -117.0934653282,36.2026548386,2915.815918 -117.0930790901,36.2022042274,2912.9321289 -117.092564106,36.2018179893,2909.0869141 -117.0921564102,36.2013888359,2907.1640625 -117.0917487144,36.2009382248,2904.280273400001 -117.0913624763,36.2004876137,2901.8769531 -117.0909762383,36.2000154611,2900.9160156 -117.0906972885,36.1995005608,2897.0698242 -117.0904827118,36.198964119,2895.1474609 -117.0902681351,36.1984491348,2894.666992200001 -117.090075016,36.1979342345,2896.5893555 -117.0899034385,36.1973977089,2897.0698242 -117.0894312859,36.1969900131,2895.1474609 -117.0888947602,36.1966680642,2896.5893555 -117.0888090134,36.1961101647,2892.7441406 -117.0884656906,36.1956596375,2891.3022461 -117.0880579948,36.195230484,2893.2250977 -117.0875859261,36.1948441621,2896.1088867 -117.0869851112,36.1945868377,2898.992675800001 -117.0864272118,36.1943078041,2901.8769531 -117.0860409737,36.1938787345,2904.7607422 -117.0857834816,36.1933422089,2909.0869141 -117.0854830742,36.1928486824,2911.490234400001 -117.0855473634,36.1923122406,2915.815918 -117.0856118202,36.1917543411,2920.622558600001 -117.0856118202,36.1912178993,2925.4291992 -117.0855473634,36.1906599998,2928.793457 -117.0855259895,36.1901236419,2928.793457 -117.0855259895,36.1895871162,2932.6391602 -117.0855689049,36.1890292168,2935.5229492 -117.0855259895,36.188492775,2939.849121100001 -117.0854401588,36.1882781982,2941.2910156 -117.0852684975,36.1877418403,2947.539550800001 -117.0850110054,36.18724823,2953.3071289 -117.0848608017,36.186733162,2963.4008789 -117.084710598,36.1862182617,2968.2080078 -117.0845174789,36.1857032776,2975.8984375 -117.0842599869,36.1851882935,2985.0307617 -117.0840668678,36.1846519355,2995.6049805 -117.083873665,36.1841368675,2999.4506836 -117.0836591721,36.1836218834,3009.0639648 -117.0836163405,36.1831068993,3011.4672852 -117.0839595795,36.1826562881,3016.754394500001 -117.0842599869,36.182141304,3032.616210900001 -117.0845174789,36.1816692352,3038.384277300001 -117.0845603943,36.1811113358,3036.4614258 -117.0846676826,36.1805964354,3038.8647461 -117.0850324631,36.1801671982,3051.3618164 -117.0851826668,36.1797165871,3081.6430664 -117.0851612091,36.1792016029,3086.9306641 -117.0850539207,36.1787080765,3088.8530273 -117.0849680901,36.1781716347,3097.9858398 -117.0850110054,36.1775493622,3098.9472656 -117.0851182938,36.176970005,3119.1347656 -117.0853114128,36.1772918701,3135.4770508 -117.0853757858,36.1767554283,3140.764648400001 -117.0855473634,36.1762403604,3148.4550781 -117.0861052629,36.1758756638,3153.2612305 -117.0864701271,36.175532341,3167.6816406 -117.0866203308,36.175532341,3172.96875 -117.0867276192,36.1749744415,3180.1782227 -117.0869421959,36.1743950844,3198.4438477 -117.0871353149,36.1747598648,3206.1342773 -117.0872426033,36.1747813225,3218.630859400001 -117.0874786377,36.174223423,3222.957519500001 -117.0876932144,36.1741805077,3237.3769531 -117.0880579948,36.1736440659,3252.277832000001 -117.0882081985,36.1738157272,3268.1391602 -117.0882511139,36.1732363701,3275.3491211 -117.0885515213,36.1736226082,3289.2880859 -117.0885515213,36.1731290817,3300.3432617 -117.0884013176,36.1726570129,3309.956543 -117.0888519287,36.1730861664,3323.4150391 -117.0889163017,36.1728072166,3328.221679700001 -117.0891308784,36.1722922325,3334.470214800001 -117.0891737938,36.171734333,3335.431152300001 -117.0892810822,36.1711764336,3338.795898400001 -117.089345539,36.1706399918,3341.1992188 -117.0892596245,36.1701034661,3350.8125 -117.0892167091,36.1698246002,3362.3486328 -117.0892596245,36.1698461417,3361.387207 -117.0892596245,36.1698030587,3364.7514648 -117.0892596245,36.1700606346,3356.5805664 -117.089345539,36.1706185341,3346.4863281 -117.0893025398,36.1711549759,3343.6025391 -117.0891953353,36.1717128754,3338.795898400001 -117.0891523361,36.1722493172,3337.3540039 -117.0889377594,36.172721386,3334.470214800001 -117.0889163017,36.1730861664,3322.9345703 -117.0884442329,36.1726140976,3316.6860352 -117.0885515213,36.1730861664,3309.475585900001 -117.0886158943,36.1736226082,3300.3432617 -117.0883368608,36.1732578278,3295.056152300001 -117.0882511139,36.1737942696,3275.3491211 -117.0880365372,36.1735367775,3266.6972656 -117.0877789613,36.174030304,3246.990234400001 -117.0876073837,36.1741589662,3235.4541016 -117.0872855186,36.1745238304,3224.8798828 -117.0871567726,36.174867237,3215.2666016 -117.0868778229,36.1745882034,3210.9404297 -117.0868563652,36.1748027802,3192.675781200001 -117.0866203308,36.1752963066,3185.9462891 -117.0864486694,36.1757898331,3173.9296875 -117.0863628387,36.1756824609,3165.7587891 -117.0858693123,36.1759830359,3157.106933600001 -117.0854401588,36.1763905641,3157.5878906 -117.0853757858,36.1769484635,3147.493652300001 -117.085290039,36.177506363,3136.919433600001 -117.0849894639,36.1773777008,3123.4604492 -117.0850110054,36.1779140588,3120.0957031 -117.0849251747,36.1784505844,3106.1572266 -117.0851182938,36.1789655685,3099.427734400001 -117.0851398353,36.1794806365,3088.8530273 -117.0852255821,36.1799955368,3084.5273438 -117.0847964287,36.1803817749,3072.9916992 -117.0846033096,36.180896759,3063.378418 -117.0844745636,36.1814116593,3052.803710900001 -117.0843672752,36.181948185,3043.1904297 -117.0841097832,36.1824417114,3037.4228516 -117.0838093758,36.1828708649,3031.1743164 -117.0834445953,36.1833000183,3023.4833984 -117.0837020874,36.1838150024,3014.3510742 -117.0839381218,36.1843085289,3004.2573242 -117.0841097832,36.184823513,2993.682617200001 -117.0843243599,36.1853384972,2985.5117188 -117.0845389366,36.1858534813,2977.8212891 -117.0847535133,36.1863899231,2972.0532227 -117.0848392602,36.1869263649,2962.9204102 -117.0850968361,36.1874198914,2953.3071289 -117.085290039,36.1879348755,2944.1748047 -117.0854830742,36.1884713173,2939.849121100001 -117.0855259895,36.1890292168,2936.0039062 -117.0854830742,36.1895656586,2935.0424805 -117.0855045319,36.1901236419,2928.3129883 -117.0855259895,36.1906815413,2923.9873047 -117.0855903625,36.1912178993,2919.6611328 -117.0855903625,36.1917757988,2916.296875 -117.0855045319,36.1923122406,2911.9707031 -117.0854401588,36.1928701401,2908.6064453 -117.0857191086,36.1933422089,2907.1640625 -117.0860409737,36.1938357353,2904.7607422 -117.0863628387,36.1942648888,2902.3579102 -117.0869421959,36.1945868377,2899.9541016 -117.0875216369,36.1948441621,2895.6279297 -117.0880150795,36.195230484,2894.666992200001 -117.0884227753,36.1956810951,2891.3022461 -117.088766098,36.1961317062,2893.7055664 -117.0888519287,36.1966466904,2897.0698242 -117.0894098282,36.1970114708,2895.1474609 -117.0898604393,36.1974191666,2897.0698242 -117.090075016,36.1979342345,2895.1474609 -117.0902466774,36.1984705925,2895.1474609 -117.0904613379,36.1989855766,2897.0698242 -117.0906758308,36.1995220184,2901.8769531 -117.0909762383,36.2000154611,2904.280273400001 -117.0913410187,36.2004876137,2904.280273400001 -117.0917487144,36.2009596825,2907.6450195 -117.0921564102,36.2014102936,2910.0483398 -117.092564106,36.2018393632,2909.5673828 -117.0930576324,36.2021827698,2911.9707031 -117.0934438705,36.2026333809,2913.893554700001 -117.0939159393,36.2029981613,2912.9321289 -117.0944094658,36.2033629417,2913.893554700001 -117.0948386192,36.2038136367,2917.2578125 -117.095246315,36.2042427063,2917.738769500001 -117.0955681801,36.2047362328,2920.622558600001 -117.0958471298,36.2052297592,2922.5449219 -117.0961260796,36.2057232857,2923.5063477 -117.0964694023,36.2061954383,2921.103027300001 -117.09649086,36.2067103386,2922.0644531 -117.0959115028,36.2070106622,2922.0644531 -117.0955038071,36.2074828148,2922.0644531 -117.0952249411,36.2080407143,2922.5449219 -117.0948600769,36.2085342407,2921.5839844 -117.094516838,36.2090063095,2925.909668 -117.09400177,36.2093710899,2925.909668 -117.0935297012,36.2097787857,2926.8710938 -117.0932936668,36.2103152275,2932.6391602 -117.0931220055,36.2108302116,2924.467773400001 -117.092628479,36.2111735344,2923.0258789 -117.0920705795,36.2114739418,2926.8710938 -117.0916199684,36.2119030952,2926.8710938 -117.091255188,36.2123537064,2924.467773400001 -117.0908260345,36.2128043175,2919.1806641 -117.0903539658,36.2131906394,2923.5063477 -117.0899677277,36.2136411667,2930.2353516 -117.0896028634,36.2140488625,2931.1967773 -117.0889806747,36.2140274048,2937.926269500001 -117.088508606,36.2140488625,2931.1967773 -117.0878863335,36.2143064383,2923.9873047 -117.0873498917,36.2145423889,2917.2578125 -117.0867061615,36.2146711349,2906.6835938 -117.086083889,36.2147569656,2895.6279297 -117.0855903625,36.2151216622,2886.4956055 -117.0850539207,36.2152718659,2877.3632812 -117.0843887329,36.2153577805,2864.3852539 -117.0837664604,36.2154436111,2859.578613300001 -117.0831655618,36.2154222373,2851.407714800001 -117.0825433731,36.2154222373,2848.5239258 -117.0820069313,36.2151861191,2842.2753906 -117.0813202858,36.2151216622,2838.910644500001 -117.0807409286,36.2154006958,2833.6230469 -117.08011874,36.2153577805,2824.0102539 -117.079474926,36.2153363228,2818.722656200001 -117.0788097382,36.2153363228,2813.4355469 -117.078166008,36.2154865265,2809.1098633 -117.0776510239,36.2157869339,2803.8222656 -117.0770072937,36.2158942223,2797.5737305 -117.0763635635,36.2158513069,2786.038085900001 -117.0756983757,36.2157654762,2778.828125 -117.0750545617,36.2156581879,2772.579589800001 -117.0744109154,36.2154436111,2770.176269500001 -117.0738101006,36.2153577805,2762.0048828 -117.0731449127,36.2152504921,2753.353027300001 -117.0725011826,36.2153363228,2747.1049805 -117.0719003677,36.2155938148,2738.9331055 -117.0713210106,36.2158942223,2729.3203125 -117.0706987381,36.2160873413,2720.668457 -117.0701838378,36.2164521217,2713.458496100001 -117.0703340415,36.2169885635,2706.2485352 -117.0703554153,36.2175250053,2697.5966797 -117.0706987381,36.2179756165,2687.9833984 -117.0710206032,36.2184476852,2685.099609400001 -117.0711064339,36.2188982964,2669.7182617 -117.0713210106,36.219327366,2658.663085900001 -117.0711064339,36.2197780609,2650.4921875 -117.0706772804,36.220228672,2642.3208008 -117.0702695847,36.2206149101,2637.0336914 -117.0699906349,36.2210869789,2626.4589844 -117.070248127,36.221601963,2620.2104492 -117.070248127,36.2220740318,2606.2714844 -117.0699906349,36.2225461006,2594.2548828 -117.0696259383,36.2229967117,2585.1223145 -117.0693039894,36.2234473228,2575.9899902 -117.0690250397,36.2239407655,2569.2607422 -117.068939209,36.2244558334,2563.9733887 -117.068939209,36.2249708176,2554.8408203 -117.068810463,36.2254642602,2545.2277832 -117.0687890053,36.2259578705,2537.537109400001 -117.0685315132,36.2264513969,2529.3659668 -117.0684027672,36.2269878387,2522.6367188 -117.0683813095,36.2275028229,2519.7526855 -117.0683813095,36.2279962655,2513.9848633 -117.0683169365,36.2284898758,2510.6203613 -117.0682525635,36.2290048599,2504.371582 -117.0682525635,36.2295413017,2498.6037598 -117.0686817169,36.2297773361,2474.5708008 -117.0693469048,36.2298417091,2461.1125488 -117.0700336341,36.2298417091,2452.4604492 -117.0706129074,36.2297344208,2444.2893066 -117.0711492654,36.229455471,2434.195556600001 -117.0717930794,36.2293052673,2425.0627441 -117.0724368095,36.2291550636,2420.737060500001 -117.0727157593,36.2291550636,2420.2563477 -117.0721793175,36.2296485901,2418.8144531 -117.0716428757,36.2300133705,2418.8144531 -117.0715355873,36.2305927277,2414.488525400001 -117.0711492654,36.2310647964,2413.0466309 -117.0706987381,36.2314724922,2412.0852051 -117.0703125,36.2319231033,2410.6430664 -117.0700120926,36.2324166298,2409.201171900001 -117.0697975159,36.2329316139,2408.2397461 -117.0697116852,36.2335109711,2401.0300293 -117.0709133148,36.234562397,2366.4226074 -117.0711278915,36.2350988388,2342.8701172 -117.0712996367,36.2355709076,2315.953125 -117.0715141296,36.2360429764,2292.8815918 -117.0717930794,36.2364292145,2282.3071289 -117.0719647408,36.2367510796,2273.6552734 -117.0720934868,36.2368369102,2260.6774902 -117.0719003677,36.236987114,2257.7937012 </coordinates>\r\n				</LineString>\r\n			</MultiGeometry>\r\n		</Placemark>\r\n	</Folder>\r\n</Document>\r\n</kml>\r\n',NULL),(8,'Race Track','2009-04-10','2010-05-26 22:10:36','2010-05-26 22:10:36',NULL,11,'race_track.jpg','image/jpeg',384703,NULL,NULL),(9,'Wildrose','1998-10-08','2010-05-27 17:34:04','2010-05-27 18:08:41',NULL,5,NULL,NULL,NULL,NULL,NULL),(10,'Last Chance Range','2006-04-01','2010-05-27 17:44:55','2010-06-04 20:49:18',NULL,9,'DVDogs_Poster.jpg','image/jpeg',111069,'<?xml version=\"1.0\" encoding=\"UTF-8\"?>\r\n<kml xmlns=\"http://www.opengis.net/kml/2.2\" xmlns:gx=\"http://www.google.com/kml/ext/2.2\" xmlns:kml=\"http://www.opengis.net/kml/2.2\" xmlns:atom=\"http://www.w3.org/2005/Atom\">\r\n<Document>\r\n	<name>BaseCamp</name>\r\n	<open>1</open>\r\n	<LookAt>\r\n		<longitude>-117.6719856</longitude>\r\n		<latitude>36.79528356</latitude>\r\n		<altitude>1390.44397</altitude>\r\n		<range>22582.52224</range>\r\n		<tilt>0</tilt>\r\n		<heading>0</heading>\r\n		<altitudeMode>relativeToGround</altitudeMode>\r\n	</LookAt>\r\n	<Style id=\"sn_blue-pushpin\">\r\n		<IconStyle>\r\n			<scale>0.9</scale>\r\n			<Icon>\r\n				<href>http://maps.google.com/mapfiles/kml/pushpin/blue-pushpin.png</href>\r\n			</Icon>\r\n		</IconStyle>\r\n	</Style>\r\n	<Style id=\"sn_blue-pushpin0\">\r\n		<IconStyle>\r\n			<scale>0.9</scale>\r\n			<Icon>\r\n				<href>http://maps.google.com/mapfiles/kml/pushpin/blue-pushpin.png</href>\r\n			</Icon>\r\n		</IconStyle>\r\n	</Style>\r\n	<Style id=\"path0Style\">\r\n		<LineStyle>\r\n			<color>ff606060</color>\r\n			<width>4</width>\r\n		</LineStyle>\r\n	</Style>\r\n	<Style id=\"point\">\r\n		<IconStyle>\r\n			<scale>0.9</scale>\r\n			<Icon>\r\n				<href>http://maps.google.com/mapfiles/kml/shapes/placemark_circle.png</href>\r\n			</Icon>\r\n		</IconStyle>\r\n	</Style>\r\n	<Style id=\"sn_ylw-pushpin\">\r\n		<LineStyle>\r\n			<color>ffff0000</color>\r\n			<width>4</width>\r\n		</LineStyle>\r\n	</Style>\r\n	<Style id=\"sn_blue-pushpin1\">\r\n		<IconStyle>\r\n			<scale>0.9</scale>\r\n			<Icon>\r\n				<href>http://maps.google.com/mapfiles/kml/pushpin/blue-pushpin.png</href>\r\n			</Icon>\r\n		</IconStyle>\r\n	</Style>\r\n	<Placemark>\r\n		<name>Hike Log</name>\r\n		<styleUrl>#sn_ylw-pushpin</styleUrl>\r\n		<MultiGeometry>\r\n			<LineString>\r\n				<coordinates>\r\n-117.5849103928,36.7492246628,1195.0559082031 -117.5850391388,36.7492890358,1181.1171875 -117.5853395462,36.7492461205,1172.4650878906 -117.585940361,36.7494177818,1169.5812988281 -117.5865840912,36.7495036125,1168.6198730469 -117.5872063637,36.7496538162,1162.37109375 -117.5878500938,36.7496752739,1160.9291992188 -117.5884723663,36.7498254776,1158.5258789062 -117.5890946388,36.749997139,1154.6806640625 -117.5892877579,36.7504477501,1146.0288085938 -117.5890731812,36.7509412766,1146.5095214844 -117.5887513161,36.751434803,1143.6254882812 -117.5885367393,36.7519712448,1143.6254882812 -117.5880861282,36.7523145676,1136.8962402344 -117.5878500938,36.752808094,1132.08984375 -117.5879144669,36.7533659935,1124.8798828125 -117.5879144669,36.75385952,1127.283203125 -117.5885796547,36.75385952,1124.3991699219 -117.5890731812,36.7542028427,1121.5151367188 -117.5895881653,36.7540740967,1120.0732421875 -117.5902104378,36.7538166046,1119.1120605469 -117.5908541679,36.7536878586,1111.4213867188 -117.5914764404,36.7536664009,1105.6535644531 -117.5918197632,36.7531728745,1103.7309570312 -117.5923776627,36.7532372475,1101.3276367188 -117.5929570198,36.7533445358,1098.443359375 -117.5936222076,36.7533230782,1094.5981445312 -117.5942444801,36.7535376549,1091.2336425781 -117.5943517685,36.7539668083,1087.3884277344 -117.5947809219,36.754117012,1086.4272460938 -117.5952744484,36.7543959618,1081.6203613281 -117.5957465172,36.7546105385,1072.96875 -117.5958323479,36.7551040649,1074.4106445312 -117.596218586,36.7555332184,1072.96875 -117.5966906548,36.7559409142,1068.162109375 -117.5971841812,36.7561340332,1068.162109375 -117.5974845886,36.7559838295,1063.35546875 -117.5978922844,36.7555546761,1064.7973632812 -117.5985145569,36.7554688454,1057.5876464844 -117.599158287,36.7553830147,1053.7424316406 -117.5997591019,36.755490303,1040.7644042969 -117.6000595093,36.7554044724,1049.8969726562 -117.6006388664,36.7552542686,1045.0903320312 -117.6010894775,36.7549967766,1042.2065429688 -117.6017546654,36.7548036575,1034.9965820312 -117.6020979881,36.7546963692,1034.9965820312 -117.6026344299,36.7547392845,1030.6706542969 -117.6027846336,36.7552542686,1025.8640136719 -117.6027846336,36.7558336258,1029.228515625 -117.6025915146,36.7563915253,1028.748046875 -117.6028060913,36.7568850517,1033.5544433594 -117.6033425331,36.7572069168,1035.4770507812 -117.6036214828,36.7576789856,1035.4770507812 -117.6040077209,36.757979393,1036.9191894531 -117.6044583321,36.7581510544,1041.7258300781 -117.6051020622,36.7583227158,1041.7258300781 -117.6057457924,36.7584729195,1042.2065429688 -117.6064109802,36.7586016655,1047.4936523438 -117.6065397263,36.7591381073,1048.935546875 -117.6062178612,36.7595887184,1050.8581542969 -117.6065182686,36.7600393295,1053.26171875 -117.6071190834,36.7602968216,1053.26171875 -117.6073765755,36.7608118057,1058.548828125 -117.6071190834,36.7612838745,1058.068359375 -117.6073765755,36.761713028,1060.9521484375 -117.6080417633,36.7616701126,1063.8359375 -117.6080203056,36.7622280121,1068.162109375 -117.607998848,36.7627429962,1069.1235351562 -117.6084065437,36.7631721497,1072.0073242188 -117.6084923744,36.763343811,1072.4880371094 -117.6088786125,36.763021946,1076.8139648438 -117.609372139,36.7627644539,1080.6591796875 -117.6095223427,36.7623567581,1097.4821777344 -117.6096081734,36.762034893,1108.5373535156 -117.6102733612,36.762034893,1107.576171875 -117.6108956337,36.7621850967,1102.76953125 -117.6112818718,36.7625284195,1099.4047851562 -117.6114964485,36.763021946,1105.1728515625 -117.611989975,36.7634081841,1107.576171875 -117.6124835014,36.7637729645,1109.0180664062 -117.6130843163,36.7639875412,1111.4213867188 -117.6136422157,36.7642664909,1114.7858886719 -117.6142001152,36.7646098137,1124.8798828125 -117.614672184,36.7648887634,1127.763671875 -117.6151657104,36.7652535439,1131.1284179688 -117.6156806946,36.7655968666,1137.8576660156 -117.6160025597,36.7660045624,1128.2443847656 -117.6164960861,36.7663693428,1128.2443847656 -117.6166033745,36.7666053772,1122.4765625 -117.6168179512,36.767077446,1136.4157714844 -117.6173329353,36.7673993111,1137.376953125 -117.6179337502,36.7676568031,1138.8190917969 -117.6181697845,36.7677855492,1141.2221679688 -117.618470192,36.7680859566,1134.9738769531 -117.6187491417,36.7685365677,1120.5539550781 -117.6191139221,36.7689657211,1105.6535644531 -117.6197147369,36.7690300941,1098.9240722656 -117.6203155518,36.7689657211,1093.15625 -117.6207876205,36.7686653137,1084.0239257812 -117.6214742661,36.7686653137,1075.3718261719 -117.6214957237,36.7690515518,1074.4106445312 -117.6219892502,36.7693519592,1076.3332519531 -117.6225686073,36.7694592476,1078.7365722656 -117.6229763031,36.769888401,1081.1398925781 -117.6229548454,36.7703604698,1085.4658203125 -117.6228475571,36.7708969116,1088.8305664062 -117.6229333878,36.7714333534,1089.3110351562 -117.6234483719,36.7717337608,1093.15625 -117.6238131523,36.7721629143,1096.5209960938 -117.6243066788,36.772506237,1100.3664550781 -117.6249504089,36.7726135254,1107.576171875 -117.6254439354,36.7728710175,1111.9020996094 -117.6259803772,36.7731499672,1118.1506347656 -117.6265382767,36.7732143402,1124.8798828125 -117.6270103455,36.7730641365,1129.6862792969 -117.6274824142,36.7727637291,1131.1284179688 -117.6280617714,36.7725276947,1133.0510253906 -117.6285767555,36.7722058296,1135.9350585938 -117.6292419434,36.7720556259,1139.7802734375 -117.6298427582,36.7718195915,1142.6643066406 -117.6302719116,36.7714548111,1142.18359375 -117.6308083534,36.7711758614,1148.9128417969 -117.6313662529,36.7708325386,1162.37109375 -117.631881237,36.7705106735,1167.1779785156 -117.6324605942,36.7701888084,1175.3488769531 -117.6328039169,36.769952774,1178.2329101562 -117.632997036,36.7694807053,1176.3103027344 -117.6334047318,36.7690730095,1188.8076171875 -117.6339840889,36.7688798904,1203.2272949219 -117.6345849037,36.7687511444,1213.8017578125 -117.6348423958,36.7682790756,1230.1442871094 -117.6353144646,36.7678499222,1245.0446777344 -117.6358938217,36.7675709724,1254.1772460938 -117.6364731789,36.767334938,1267.6354980469 -117.6370096207,36.7671203613,1279.1713867188 -117.6374816895,36.767077446,1290.70703125 -117.6381254196,36.767077446,1304.1657714844 -117.6387262344,36.7668628693,1314.2595214844 -117.6391339302,36.7671632767,1320.9887695312 -117.6395630836,36.7675495148,1319.546875 -117.6399493217,36.7679572105,1323.3920898438 -117.6404643059,36.7683434486,1328.6794433594 -117.6407217979,36.7687940598,1331.0827636719 -117.64097929,36.7693305016,1349.34765625 -117.6414084435,36.7696523666,1367.1320800781 -117.6417303085,36.7700600624,1382.9936523438 -117.6419234276,36.7705106735,1395.9716796875 -117.642416954,36.7707896233,1409.9106445312 -117.6428461075,36.7709827423,1422.4079589844 -117.6432967186,36.7712831497,1435.8662109375 -117.6439189911,36.7715835571,1457.0153808594 -117.6444768906,36.7718410492,1472.396484375 -117.6446270943,36.7722916603,1497.390625 -117.644906044,36.7726349831,1518.0590820312 -117.6453781128,36.7726778984,1533.9208984375 -117.6457428932,36.772506237,1542.5727539062 -117.6461291313,36.7726349831,1533.4401855469 -117.6466870308,36.7729353905,1519.9816894531 -117.6470088959,36.7733645439,1507.4846191406 -117.6472878456,36.7738580704,1500.7553710938 -117.64752388,36.7743515968,1499.7939453125 -117.6477599144,36.7747807503,1499.7939453125 -117.6479744911,36.7753386497,1511.3298339844 -117.6483392715,36.7757678032,1514.6943359375 -117.6489186287,36.7760896683,1523.3464355469 -117.6496052742,36.7761325836,1527.6721191406 -117.6500988007,36.7763900757,1548.8212890625 -117.6504850388,36.7768406868,1567.5668945312 -117.6511716843,36.7770767212,1596.8872070312 -117.6516222954,36.7772698402,1613.7102050781 -117.6518583298,36.7774200439,1615.6330566406 -117.6523303986,36.7776989937,1619.9587402344 -117.6529741287,36.7777204514,1620.439453125 -117.6535964012,36.7778706551,1639.6657714844 -117.6537895203,36.7782354355,1656.4887695312 -117.653875351,36.7784285545,1666.1020507812 -117.6543045044,36.7787075043,1682.4445800781 -117.6545619965,36.7789649963,1701.6708984375 -117.6545834541,36.7790937424,1695.4223632812 -117.6549696922,36.7791795731,1727.1459960938 -117.6550126076,36.7794370651,1738.681640625 -117.6552057266,36.7795443535,1758.8693847656 -117.655377388,36.7798876762,1766.5598144531 -117.6557421684,36.7800164223,1768.0017089844 -117.6559567451,36.780102253,1770.4050292969 -117.6557207108,36.7805314064,1773.2893066406 -117.6556992531,36.7808318138,1766.0791015625 -117.6555919647,36.7813253403,1771.3662109375 -117.655248642,36.7817115784,1779.0568847656 -117.6547336578,36.7820334435,1787.2280273438 -117.6542401314,36.7823982239,1791.0734863281 -117.6542615891,36.7825269699,1796.3608398438 -117.6541543007,36.7826557159,1785.7861328125 -117.6540899277,36.7829561234,1771.3662109375 -117.6538324356,36.7833423615,1778.5764160156 -117.6536393166,36.7837071419,1779.0568847656 -117.6533174515,36.7841362953,1786.2668457031 -117.652823925,36.7844796181,1796.8413085938 -117.6525235176,36.7849946022,1808.3771972656 -117.6524376869,36.7854237556,1814.6257324219 -117.6521158218,36.7858314514,1816.5483398438 -117.6520085335,36.7862606049,1821.8356933594 -117.6520729065,36.7864537239,1821.8356933594 -117.6518797874,36.786646843,1834.8134765625 -117.6514935493,36.7870330811,1839.6201171875 -117.6513433456,36.7875909805,1846.3493652344 -117.6511931419,36.7880415916,1853.5593261719 -117.6507425308,36.7881274223,1843.4653320312 -117.6501202583,36.788277626,1842.0234375 -117.6498842239,36.7886853218,1846.3493652344 -117.6496052742,36.7891573906,1864.6142578125 -117.6495838165,36.7896938324,1875.1887207031 -117.6499700546,36.7901015282,1878.0727539062 -117.6504421234,36.7904877663,1878.0727539062 -117.6507210732,36.7910027504,1877.1115722656 -117.6507425308,36.7915391922,1878.5534667969 -117.6509141922,36.7920327187,1880.9567871094 -117.6512789726,36.7925047874,1882.3986816406 -117.651257515,36.7926549911,1893.9345703125 -117.651450634,36.7930197716,1878.0727539062 -117.6516866684,36.7934060097,1855.4819335938 -117.6520085335,36.7938566208,1835.7746582031 -117.6523303986,36.7943501472,1824.2390136719 -117.652630806,36.794822216,1813.6643066406 -117.6529097557,36.7952942848,1810.2998046875 -117.6530385017,36.795809269,1804.0515136719 -117.6531457901,36.7963457108,1800.6865234375 -117.6531887054,36.7968821526,1797.802734375 -117.6534676552,36.797375679,1794.4379882812 -117.6537251472,36.7978692055,1791.0734863281 -117.653939724,36.7983841896,1793.9575195312 -117.65406847,36.7989206314,1798.7639160156 -117.6541113853,36.7994570732,1804.0515136719 -117.6541757584,36.799993515,1809.3386230469 -117.6545190811,36.8004441261,1812.703125 -117.6549911499,36.8008303642,1815.5871582031 -117.655441761,36.8011951447,1818.4709472656 -117.6558709145,36.8016028404,1821.8356933594 -117.6563644409,36.8019676208,1822.31640625 -117.656879425,36.8023324013,1821.8356933594 -117.6573514938,36.8026971817,1818.9516601562 -117.6576519012,36.8030619621,1817.0290527344 -117.6580810547,36.8032550812,1818.4709472656 -117.6585316658,36.8036413193,1817.0290527344 -117.6587033272,36.8041348457,1817.5095214844 -117.6588320732,36.8046927452,1820.3937988281 -117.6589608192,36.805229187,1824.7197265625 -117.6590466499,36.8057012558,1828.5649414062 -117.6590895653,36.8062591553,1831.9294433594 -117.659239769,36.8067741394,1831.9294433594 -117.6593470573,36.8073105812,1830.0068359375 -117.6593899727,36.8078255653,1831.4487304688 -117.6596474648,36.8083190918,1835.7746582031 -117.6597976685,36.8088340759,1837.216796875 -117.6597762108,36.8093490601,1840.5812988281 -117.6599264145,36.8098855019,1846.3493652344 -117.6600980759,36.810336113,1855.0012207031 -117.6598620415,36.8108296394,1858.3657226562 -117.659497261,36.8112802505,1855.9624023438 -117.6590037346,36.8116235733,1857.8852539062 -117.6591324806,36.8121385574,1856.4431152344 -117.659175396,36.8126749992,1856.4431152344 -117.6593899727,36.8131685257,1860.2883300781 -117.6596474648,36.8136620522,1862.6916503906 -117.6595830917,36.8141770363,1862.2109375 -117.6594543457,36.8146920204,1854.5205078125 -117.6594543457,36.8151640892,1848.7524414062 -117.6594758034,36.8156790733,1845.8686523438 -117.6596474648,36.8161511421,1835.7746582031 -117.6598191261,36.8161296844,1832.41015625 -117.6600122452,36.8162155151,1821.8356933594 -117.6605057716,36.8163013458,1795.8801269531 -117.6611065865,36.8163657188,1766.5598144531 -117.6617288589,36.8163871765,1754.5432128906 -117.6623296738,36.8164300919,1740.6042480469 -117.6629519463,36.8165373802,1722.8198242188 -117.6635956764,36.8165159225,1721.8583984375 -117.6641750336,36.8166661263,1720.4165039062 -117.6647114754,36.816945076,1717.0520019531 -117.6652479172,36.8172669411,1718.4938964844 -117.6658058167,36.8175673485,1713.6872558594 -117.6662135124,36.8179106712,1712.2453613281 -117.6661920547,36.8184256554,1715.1293945312 -117.6665139198,36.8185758591,1699.267578125 -117.6667070389,36.8188548088,1686.7702636719 -117.6670074463,36.8190479279,1669.947265625 -117.6669430733,36.8187475204,1671.8698730469 -117.6665997505,36.8191337585,1682.4445800781 -117.6663637161,36.8190693855,1696.8642578125 -117.6657629013,36.8192195892,1715.1293945312 -117.6653981209,36.8192839622,1741.5656738281 -117.6649475098,36.819691658,1737.7202148438 -117.664732933,36.8201422691,1728.1071777344 -117.6646471024,36.8204855919,1714.16796875 -117.6645827293,36.821000576,1709.8420410156 -117.664411068,36.8214511871,1705.5161132812 -117.664475441,36.8219017982,1689.654296875 -117.6648187637,36.822180748,1672.8312988281 -117.6649475098,36.8225455284,1665.1408691406 -117.6651620865,36.8230605125,1661.2956542969 -117.6653766632,36.8235325813,1652.6435546875 -117.6655912399,36.8240690231,1648.7983398438 -117.665784359,36.8245410919,1645.4338378906 -117.6659989357,36.8250346184,1640.626953125 -117.6661920547,36.8255281448,1630.5334472656 -117.6664710045,36.825978756,1621.8813476562 -117.6668572426,36.8263435364,1609.8647460938 -117.6673293114,36.8265366554,1596.8872070312 -117.6677584648,36.8267941475,1585.3513183594 -117.6676511765,36.8270087242,1571.412109375 -117.6672005653,36.8274378777,1572.8542480469 -117.66715765,36.8279743195,1564.6831054688 -117.6670718193,36.8284678459,1549.3020019531 -117.667028904,36.8286824226,1544.4951171875 -117.6704192162,36.832845211,1153.2387695312 -117.6719212532,36.8346905708,1135.4543457031 -117.6722216606,36.8345832825,1130.6477050781 -117.6726508141,36.8348836899,1108.5373535156 -117.6729083061,36.8349695206,1102.2888183594 -117.6733160019,36.8350338936,1099.8854980469 -117.6733374596,36.8349051476,1105.1728515625 -117.6737880707,36.8349051476,1067.6811523438 -117.6743245125,36.8350768089,1050.8581542969 -117.6748394966,36.8352913857,1032.5932617188 -117.6752901077,36.8356347084,1022.4995117188 -117.6756978035,36.8359780312,1008.5603027344 -117.6759338379,36.836514473,994.1406250000001 -117.676320076,36.836707592,985.9692382812 -117.6768994331,36.8368148804,979.2399902344 -117.6773715019,36.8370723724,972.5109863281001 -117.6773285866,36.836643219,1033.5544433594 -117.6775860786,36.8374800682,1087.3884277344 -117.6785302162,36.8373084068,994.6210937500001 -117.6790237427,36.8372440338,948.9584960938 -117.6793456078,36.8385100365,1126.3217773438 -117.6798391342,36.8383383751,1077.7751464844 -117.6802039146,36.8384671211,997.0244140625 -117.6808476448,36.8384885788,983.0852050781001 -117.6813840866,36.8385529518,980.2014160156001 -117.6830148697,36.8377804756,1071.5266113281 -117.6821136475,36.8386387825,959.0524902344 -117.682864666,36.8386173248,973.4724121094001 -117.6834225655,36.8398833275,978.2788085938001 -117.6844096184,36.8384885788,925.40625 -117.6847314835,36.8390679359,976.8369140625 -117.685611248,36.8383598328,916.2736816406001 -117.6859760284,36.8389391899,909.5446777344 -117.6872849464,36.8386816978,901.3732910156 -117.6880145073,36.8388319016,895.60546875 -117.688229084,36.8387889862,908.1027832031001 -117.6905465126,36.8395829201,923.0029296875001 -117.6911473274,36.8397760391,923.0029296875001 -117.6917266846,36.8402266502,923.9641113281 -117.692155838,36.8406558037,927.3291015625 -117.6927137375,36.8406558037,907.1411132812001 -117.69333601,36.8408274651,912.9091796875001 -117.6952457428,36.8398189545,928.7709960938 -117.6944947243,36.840763092,894.1635742188001 -117.6951169968,36.8407845497,890.7985839844001 -117.6956105232,36.8408489227,886.9533691406001 -117.6964688301,36.8402266502,887.4340820312001 -117.6975846291,36.8390464783,907.1411132812001 -117.6981639862,36.840441227,901.8540039062 -117.7006959915,36.8405270576,952.8037109375001 -117.7001810074,36.8425869942,1012.4055175781 </coordinates>\r\n			</LineString>\r\n		</MultiGeometry>\r\n	</Placemark>\r\n	<Folder>\r\n		<name>Waypoints</name>\r\n		<open>1</open>\r\n		<Placemark>\r\n			<name>4429FT</name>\r\n			<description>Latitude: 36.7715835571 Longitude : -117.6526120305</description>\r\n			<Style>\r\n				<IconStyle>\r\n					<scale>0.9</scale>\r\n					<heading>0</heading>\r\n					<Icon>\r\n						<href>http://maps.google.com/mapfiles/kml/pushpin/blue-pushpin.png</href>\r\n					</Icon>\r\n				</IconStyle>\r\n			</Style>\r\n			<Point>\r\n				<coordinates>-117.6526120305,36.7715835571,1350.046875</coordinates>\r\n			</Point>\r\n		</Placemark>\r\n		<Placemark>\r\n			<name>6198FT</name>\r\n			<description>Latitude: 36.7926979065 Longitude : -117.6512145996</description>\r\n			<Style>\r\n				<IconStyle>\r\n					<scale>0.9</scale>\r\n					<heading>0</heading>\r\n					<Icon>\r\n						<href>http://maps.google.com/mapfiles/kml/pushpin/blue-pushpin.png</href>\r\n					</Icon>\r\n				</IconStyle>\r\n			</Style>\r\n			<Point>\r\n				<coordinates>-117.6512145996,36.7926979065,1889.1020507812</coordinates>\r\n			</Point>\r\n		</Placemark>\r\n		<Placemark>\r\n			<name>Intermittent Stream</name>\r\n			<description>Latitude: 36.7533958331 Longitude : -117.6046415605</description>\r\n			<styleUrl>#sn_blue-pushpin</styleUrl>\r\n			<Point>\r\n				<coordinates>-117.6046415605,36.7533958331,0</coordinates>\r\n			</Point>\r\n		</Placemark>\r\n		<Placemark>\r\n			<name>Palm Springs</name>\r\n			<description>Latitude: 36.8121814728 Longitude : -117.7656269073</description>\r\n			<styleUrl>#sn_blue-pushpin1</styleUrl>\r\n			<Point>\r\n				<coordinates>-117.7656269073,36.8121814728,0</coordinates>\r\n			</Point>\r\n		</Placemark>\r\n		<Placemark>\r\n			<name>UbehebeMine</name>\r\n			<description>Ubehebe Mine</description>\r\n			<Style>\r\n				<IconStyle>\r\n					<scale>0.9</scale>\r\n					<heading>0</heading>\r\n					<Icon>\r\n						<href>http://maps.google.com/mapfiles/kml/pushpin/blue-pushpin.png</href>\r\n					</Icon>\r\n				</IconStyle>\r\n			</Style>\r\n			<Point>\r\n				<coordinates>-117.5783443451,36.7479801178,0</coordinates>\r\n			</Point>\r\n		</Placemark>\r\n		<Placemark>\r\n			<name>Upper Warm Springs</name>\r\n			<description>Latitude: 36.8319225311 Longitude : -117.7391910553</description>\r\n			<styleUrl>#sn_blue-pushpin0</styleUrl>\r\n			<Point>\r\n				<coordinates>-117.7391910553,36.8319225311,0</coordinates>\r\n			</Point>\r\n		</Placemark>\r\n	</Folder>\r\n</Document>\r\n</kml>\r\n',NULL),(11,'South Park Canyon','2004-04-04','2010-05-27 17:53:13','2010-05-27 18:13:55',NULL,8,'south_park_canyon_1.jpg','image/jpeg',462641,NULL,NULL);
/*!40000 ALTER TABLE `hikes` ENABLE KEYS */;
UNLOCK TABLES;

--
-- Table structure for table `latests`
--

DROP TABLE IF EXISTS `latests`;
/*!40101 SET @saved_cs_client     = @@character_set_client */;
/*!40101 SET character_set_client = utf8 */;
CREATE TABLE `latests` (
  `id` int(11) NOT NULL auto_increment,
  `created_at` datetime default NULL,
  `updated_at` datetime default NULL,
  PRIMARY KEY  (`id`)
) ENGINE=InnoDB DEFAULT CHARSET=utf8 COLLATE=utf8_unicode_ci;
/*!40101 SET character_set_client = @saved_cs_client */;

--
-- Dumping data for table `latests`
--

LOCK TABLES `latests` WRITE;
/*!40000 ALTER TABLE `latests` DISABLE KEYS */;
/*!40000 ALTER TABLE `latests` ENABLE KEYS */;
UNLOCK TABLES;

--
-- Table structure for table `prints`
--

DROP TABLE IF EXISTS `prints`;
/*!40101 SET @saved_cs_client     = @@character_set_client */;
/*!40101 SET character_set_client = utf8 */;
CREATE TABLE `prints` (
  `id` int(11) NOT NULL auto_increment,
  `image_file_name` varchar(255) collate utf8_unicode_ci default NULL,
  `image_file_size` varchar(255) collate utf8_unicode_ci default NULL,
  `image_content_type` varchar(255) collate utf8_unicode_ci default NULL,
  `created_at` datetime default NULL,
  `updated_at` datetime default NULL,
  PRIMARY KEY  (`id`)
) ENGINE=InnoDB AUTO_INCREMENT=20 DEFAULT CHARSET=utf8 COLLATE=utf8_unicode_ci;
/*!40101 SET character_set_client = @saved_cs_client */;

--
-- Dumping data for table `prints`
--

LOCK TABLES `prints` WRITE;
/*!40000 ALTER TABLE `prints` DISABLE KEYS */;
INSERT INTO `prints` VALUES (1,'boot-icon2.png','3886','image/png','2010-05-18 22:31:25','2010-05-18 22:31:25'),(2,'Untitled-1.tif-3.jpg','8999260','image/jpeg','2010-05-18 22:32:35','2010-05-18 22:32:35'),(3,'funeral_mtns_hike_2.jpg','238718','image/jpeg','2010-05-20 17:56:42','2010-05-20 17:56:42'),(4,'funeral_mtns_hike_1.jpg','198951','image/jpeg','2010-05-20 18:02:31','2010-05-20 18:02:31'),(5,'badwater_hike_3.jpg','165049','image/jpeg','2010-05-20 18:13:59','2010-05-20 18:13:59'),(6,'badwater_hike_2.jpg','236328','image/jpeg','2010-05-20 18:15:44','2010-05-20 18:15:44'),(7,'badwater_hike_1.jpg','145946','image/jpeg','2010-05-20 18:17:01','2010-05-20 18:17:01'),(8,'untitled_3_tif_3.jpg','39524','image/jpeg','2010-05-20 18:31:16','2010-05-20 18:31:16'),(9,'untitled_4_tif_3.jpg','56025','image/jpeg','2010-05-20 18:32:20','2010-05-20 18:32:20'),(10,'untitled_11.jpg','69369','image/jpeg','2010-05-20 18:33:02','2010-05-20 18:33:02'),(11,'IMG_0303.JPG','3122414','image/pjpeg','2010-05-26 04:25:53','2010-05-26 04:25:53'),(12,'IMG_0305.JPG','2561938','image/pjpeg','2010-05-26 04:34:27','2010-05-26 04:34:27'),(13,'IMG_0353.JPG','2380194','image/pjpeg','2010-05-26 04:39:37','2010-05-26 04:39:37'),(14,'IMG_0331.JPG','2365557','image/pjpeg','2010-05-26 04:42:14','2010-05-26 04:42:14'),(15,'IMG_0364.JPG','2649125','image/pjpeg','2010-05-26 04:47:48','2010-05-26 04:47:48'),(16,'IMG_0373.JPG','4296543','image/pjpeg','2010-05-26 04:53:19','2010-05-26 04:53:19'),(17,'untitled_9_tif_4.jpg','49664','image/jpeg','2010-05-27 23:28:53','2010-05-27 23:28:53'),(18,'untitled_9_tif_4.jpg','49664','image/jpeg','2010-05-27 23:29:20','2010-05-27 23:29:20'),(19,'untitled_3_tif_5.jpg','39383','image/jpeg','2010-05-27 23:30:42','2010-05-27 23:30:42');
/*!40000 ALTER TABLE `prints` ENABLE KEYS */;
UNLOCK TABLES;

--
-- Table structure for table `radios`
--

DROP TABLE IF EXISTS `radios`;
/*!40101 SET @saved_cs_client     = @@character_set_client */;
/*!40101 SET character_set_client = utf8 */;
CREATE TABLE `radios` (
  `id` int(11) NOT NULL auto_increment,
  `make` varchar(255) collate utf8_unicode_ci default NULL,
  `model` varchar(255) collate utf8_unicode_ci default NULL,
  `description` varchar(255) collate utf8_unicode_ci default NULL,
  `created_at` datetime default NULL,
  `updated_at` datetime default NULL,
  PRIMARY KEY  (`id`)
) ENGINE=InnoDB DEFAULT CHARSET=utf8 COLLATE=utf8_unicode_ci;
/*!40101 SET character_set_client = @saved_cs_client */;

--
-- Dumping data for table `radios`
--

LOCK TABLES `radios` WRITE;
/*!40000 ALTER TABLE `radios` DISABLE KEYS */;
/*!40000 ALTER TABLE `radios` ENABLE KEYS */;
UNLOCK TABLES;

--
-- Table structure for table `rig_breakdowns`
--

DROP TABLE IF EXISTS `rig_breakdowns`;
/*!40101 SET @saved_cs_client     = @@character_set_client */;
/*!40101 SET character_set_client = utf8 */;
CREATE TABLE `rig_breakdowns` (
  `id` int(11) NOT NULL auto_increment,
  `rig_id` int(11) default NULL,
  `location` varchar(255) collate utf8_unicode_ci default NULL,
  `description` varchar(255) collate utf8_unicode_ci default NULL,
  `created_at` datetime default NULL,
  `updated_at` datetime default NULL,
  PRIMARY KEY  (`id`)
) ENGINE=InnoDB DEFAULT CHARSET=utf8 COLLATE=utf8_unicode_ci;
/*!40101 SET character_set_client = @saved_cs_client */;

--
-- Dumping data for table `rig_breakdowns`
--

LOCK TABLES `rig_breakdowns` WRITE;
/*!40000 ALTER TABLE `rig_breakdowns` DISABLE KEYS */;
/*!40000 ALTER TABLE `rig_breakdowns` ENABLE KEYS */;
UNLOCK TABLES;

--
-- Table structure for table `rig_upgrades`
--

DROP TABLE IF EXISTS `rig_upgrades`;
/*!40101 SET @saved_cs_client     = @@character_set_client */;
/*!40101 SET character_set_client = utf8 */;
CREATE TABLE `rig_upgrades` (
  `id` int(11) NOT NULL auto_increment,
  `rig_id` int(11) default NULL,
  `description` varchar(255) collate utf8_unicode_ci default NULL,
  `created_at` datetime default NULL,
  `updated_at` datetime default NULL,
  PRIMARY KEY  (`id`)
) ENGINE=InnoDB DEFAULT CHARSET=utf8 COLLATE=utf8_unicode_ci;
/*!40101 SET character_set_client = @saved_cs_client */;

--
-- Dumping data for table `rig_upgrades`
--

LOCK TABLES `rig_upgrades` WRITE;
/*!40000 ALTER TABLE `rig_upgrades` DISABLE KEYS */;
/*!40000 ALTER TABLE `rig_upgrades` ENABLE KEYS */;
UNLOCK TABLES;

--
-- Table structure for table `rigs`
--

DROP TABLE IF EXISTS `rigs`;
/*!40101 SET @saved_cs_client     = @@character_set_client */;
/*!40101 SET character_set_client = utf8 */;
CREATE TABLE `rigs` (
  `id` int(11) NOT NULL auto_increment,
  `year` int(11) default NULL,
  `make` varchar(255) collate utf8_unicode_ci default NULL,
  `model` varchar(255) collate utf8_unicode_ci default NULL,
  `engine` varchar(255) collate utf8_unicode_ci default NULL,
  `tires` varchar(255) collate utf8_unicode_ci default NULL,
  `name` varchar(255) collate utf8_unicode_ci default NULL,
  `created_at` datetime default NULL,
  `updated_at` datetime default NULL,
  `color` varchar(255) collate utf8_unicode_ci default NULL,
  `picture` varchar(255) collate utf8_unicode_ci default NULL,
  `dog_id` int(11) default NULL,
  `active` tinyint(1) default NULL,
  `photo_file_name` varchar(255) collate utf8_unicode_ci default NULL,
  `photo_content_type` varchar(255) collate utf8_unicode_ci default NULL,
  `photo_file_size` int(11) default NULL,
  PRIMARY KEY  (`id`)
) ENGINE=InnoDB AUTO_INCREMENT=13 DEFAULT CHARSET=utf8 COLLATE=utf8_unicode_ci;
/*!40101 SET character_set_client = @saved_cs_client */;

--
-- Dumping data for table `rigs`
--

LOCK TABLES `rigs` WRITE;
/*!40000 ALTER TABLE `rigs` DISABLE KEYS */;
INSERT INTO `rigs` VALUES (1,1994,'Jeep','Wranger','4.0','31','Black Death','2010-05-18 17:33:04','2010-06-01 18:56:51','Black','',1,1,'clearcreek_cam.jpg','image/jpeg',373223),(2,1969,'International','Scout','V8','','The Scout','2010-05-21 20:43:47','2010-05-27 18:32:32','Blue & White','',4,0,'Scout_Parody.jpg','image/jpeg',74117),(3,1993,'Ford','Ranger','','','The Ranger','2010-05-21 20:44:43','2010-05-21 23:33:19','Maroon','',2,0,NULL,NULL,NULL),(4,2001,'Jeep','Wrangler Sahara','4.0','31','Sarge','2010-05-21 21:00:07','2010-05-25 19:06:08','Green','',6,1,'Jeep.JPG','image/pjpeg',558923),(5,2001,'Jeep','Wranger Sahara','4.0','33','The Iron Lung','2010-05-21 21:01:01','2010-05-24 21:29:34','Black','',4,1,'eureka_3.jpg','image/jpeg',335198),(6,2001,'Dodge','Ram','V8','31','White Truck','2010-05-21 21:02:13','2010-05-27 18:07:09','White','',2,1,'eureka_5.jpg','image/jpeg',254792),(7,2008,'Jeep','Rubicon','3.8','31','Black Cherry','2010-05-21 21:03:08','2010-05-24 21:27:58','Black','',10,1,'eureka_2.jpg','image/jpeg',318578),(8,1982,'Toyota','2R4','','','Soup.  It\'s Time','2010-05-27 18:27:43','2010-05-27 18:27:43','Blue-ish',NULL,4,0,'GregToyota.jpg','image/jpeg',25823),(9,NULL,'','','','','Johnny\'s Toyota','2010-05-27 18:28:20','2010-05-27 18:28:20','',NULL,27,0,NULL,NULL,NULL),(10,NULL,'','','','','Kyle\'s Truck','2010-05-27 18:28:46','2010-05-27 18:28:46','',NULL,19,0,NULL,NULL,NULL),(11,NULL,'Jeep','Wrangler YJ','','','Medic Jeep','2010-05-27 18:29:40','2010-05-27 18:29:40','White',NULL,13,0,NULL,NULL,NULL),(12,NULL,'Toyota','Tacoma','','','Skip\'s Tacoma','2010-05-27 18:30:28','2010-05-27 18:30:28','Blue',NULL,21,0,NULL,NULL,NULL);
/*!40000 ALTER TABLE `rigs` ENABLE KEYS */;
UNLOCK TABLES;

--
-- Table structure for table `rigs_trips`
--

DROP TABLE IF EXISTS `rigs_trips`;
/*!40101 SET @saved_cs_client     = @@character_set_client */;
/*!40101 SET character_set_client = utf8 */;
CREATE TABLE `rigs_trips` (
  `rig_id` int(11) default NULL,
  `trip_id` int(11) default NULL
) ENGINE=InnoDB DEFAULT CHARSET=utf8 COLLATE=utf8_unicode_ci;
/*!40101 SET character_set_client = @saved_cs_client */;

--
-- Dumping data for table `rigs_trips`
--

LOCK TABLES `rigs_trips` WRITE;
/*!40000 ALTER TABLE `rigs_trips` DISABLE KEYS */;
INSERT INTO `rigs_trips` VALUES (2,1),(2,3),(2,4),(2,5),(3,1),(3,3),(3,4),(3,5),(4,10),(4,11),(4,12),(5,8),(5,9),(5,10),(5,11),(5,12),(6,7),(6,8),(6,9),(6,10),(6,11),(6,12),(7,11),(7,12),(1,2),(1,3),(1,4),(1,5),(1,6),(1,7),(1,8),(1,9),(1,10),(1,11),(1,12),(8,8),(9,6),(10,6),(11,6),(12,3);
/*!40000 ALTER TABLE `rigs_trips` ENABLE KEYS */;
UNLOCK TABLES;

--
-- Table structure for table `schema_migrations`
--

DROP TABLE IF EXISTS `schema_migrations`;
/*!40101 SET @saved_cs_client     = @@character_set_client */;
/*!40101 SET character_set_client = utf8 */;
CREATE TABLE `schema_migrations` (
  `version` varchar(255) collate utf8_unicode_ci NOT NULL,
  UNIQUE KEY `unique_schema_migrations` (`version`)
) ENGINE=InnoDB DEFAULT CHARSET=utf8 COLLATE=utf8_unicode_ci;
/*!40101 SET character_set_client = @saved_cs_client */;

--
-- Dumping data for table `schema_migrations`
--

LOCK TABLES `schema_migrations` WRITE;
/*!40000 ALTER TABLE `schema_migrations` DISABLE KEYS */;
INSERT INTO `schema_migrations` VALUES ('20100313015405'),('20100313022421'),('20100314225043'),('20100314225135'),('20100314225225'),('20100314225918'),('20100314230014'),('20100314230033'),('20100314230204'),('20100314230235'),('20100314230326'),('20100314230356'),('20100430230356'),('20100430230357'),('20100502230357'),('20100503230357'),('20100503230358'),('20100503230359'),('20100504230352'),('20100504230357'),('201005043'),('201005121'),('20100518034725'),('20100518040100'),('20100519015300'),('20100519112600'),('20100519211632'),('20100520173855'),('20100520174312'),('20100521194720'),('20100521223538'),('20100521232325'),('20100526180243'),('20100527153239'),('20100527185012'),('20100602162744');
/*!40000 ALTER TABLE `schema_migrations` ENABLE KEYS */;
UNLOCK TABLES;

--
-- Table structure for table `trip_stories`
--

DROP TABLE IF EXISTS `trip_stories`;
/*!40101 SET @saved_cs_client     = @@character_set_client */;
/*!40101 SET character_set_client = utf8 */;
CREATE TABLE `trip_stories` (
  `id` int(11) NOT NULL auto_increment,
  `trip_id` int(11) default NULL,
  `description` text collate utf8_unicode_ci,
  `dog_id` int(11) default NULL,
  `short_description` varchar(255) collate utf8_unicode_ci default NULL,
  `photo_file_name` varchar(255) collate utf8_unicode_ci default NULL,
  `photo_content_type` varchar(255) collate utf8_unicode_ci default NULL,
  `photo_file_size` int(11) default NULL,
  `created_at` datetime default NULL,
  `updated_at` datetime default NULL,
  PRIMARY KEY  (`id`)
) ENGINE=InnoDB AUTO_INCREMENT=5 DEFAULT CHARSET=utf8 COLLATE=utf8_unicode_ci;
/*!40101 SET character_set_client = @saved_cs_client */;

--
-- Dumping data for table `trip_stories`
--

LOCK TABLES `trip_stories` WRITE;
/*!40000 ALTER TABLE `trip_stories` DISABLE KEYS */;
INSERT INTO `trip_stories` VALUES (1,1,'<p><img src=\"/system/images/19/large_thumb/untitled_3_tif_5.jpg\" border=\"0\" alt=\"image\" width=\"370\" height=\"218\" style=\"float: right;\" /><strong>2-25-95</strong><br /><br />I leave for Death Valley tomorrow.&nbsp; I\'m going with Dan DeLong, Stuart Ellis and Greg Rusky.&nbsp; I think I\'ve packed everything I need.&nbsp; We\'re bringing a lot of shit with us including a dog.&nbsp; I\'m in really good spirits. about trip.&nbsp; I know challenging things will happen.&nbsp; It\'s just the way these things go.&nbsp; But I also know that they\'re the parts that I\'ll look back on and smile about.</p>\r\n<p><strong>2-26-95</strong></p>\r\n<p>We\'re off.&nbsp; Dan and I are heading south on I5.&nbsp; Pretty good start so far.&nbsp; Everything\'s RED.&nbsp; We\'re flying.&nbsp; Dan\'s got the speedometer pegged.&nbsp; Someone made it obvious to me that 55 is too slow for I5.&nbsp; Hawk on a fence post.&nbsp; Bag of Art.&nbsp; We made it through Buttonwillow without incident.&nbsp; Except the dog.&nbsp; It finally took a leak.&nbsp; We\'re just exiting Tehechape.&nbsp; Lotsa windmills here.&nbsp; I want to fight them.&nbsp; Graves on a hilltop.<br /><br /><strong>2-27-95</strong><br /><br />We 4-wheeled it up a ridge last night.&nbsp; We couldn\'t make it to Panamint City.&nbsp; The road was gone.&nbsp; Greg\'s Scout almost went over the edge.&nbsp; The sleeping went ok.&nbsp; Greg snored like a fucker, but I threw rocks at him till he stopped.&nbsp; Had eggs and hash for breakfast.&nbsp; Yum.<br /><strong><br />2-28-95</strong><br /><br />On Death Valley floor.&nbsp; We spent yesterday exploring the landscape.&nbsp; We also entered a mine.&nbsp; It was incredible.&nbsp; Most of the mountain was supported by wood on the inside.&nbsp; I entered the mountain from the side and squeezed out an exit in the top.&nbsp; Tight fit.&nbsp; The image of my mid-section being crushed flooded my head the whole time I was extracting myself from the hill.<br /><br />Devil\'s Golf Course.&nbsp; I must come back here.&nbsp; The salt is incredible.&nbsp; Bleak Vastness.&nbsp; It is incredibly moving.&nbsp; So fragile but unstoppable at the same time.<br /><br />Artists Palette - Oh my god!<br /><br />Restaurant in Beatty.&nbsp; Dan and I took a little hike over the mtns.&nbsp; It was the most intense hiking experience I have ever had.&nbsp; For a large portion of the hike, we didn\'t know if we were going the right way.<br />Stuart and Greg dropped us off, and drove around to the point where we\'d meet up.&nbsp; It was 4:00 pm.&nbsp; The hill went up and up and up and up.&nbsp; Dan did a great job of figuring out where we were at any given time.&nbsp; I was really impressed with his attitude.&nbsp; We had a good time together.&nbsp; It was a hard fucking hike, but it was a blast.&nbsp; About 6:00 it got dark.&nbsp; This was shortly after it began to rain.&nbsp; I never really felt cold.&nbsp; My skin was soaked, and cold, but my body felt warm despite the wet.&nbsp; At about 6:20 we were in total dark, but we were on trail.&nbsp; And then we spotted the truck\'s tail lights.&nbsp; We signaled and they signaled back.&nbsp; Dan and I let loose an inspired yell.&nbsp; That was a great feeling.&nbsp; We got back, and decided to eat in some casino restaurant that evening.&nbsp; That\'s where I am right now.&nbsp; A great fucking day.&nbsp; Devil\'s Golf Course and the hike through the Funeral Mountains.&nbsp; My legs are tired.<br /><br /><strong>3-2-95</strong><br /><br />Couldn\'t make an entry yesterday.&nbsp; We were busy.&nbsp; We woke up in the morning, ate, and then rappelled down a waterfall.&nbsp; We got some pix.&nbsp; It was incredible.&nbsp; We all had a pretty good time about it.&nbsp; Stuart had some trouble, but we got him down ok.<br /><br />My camera took a tumble and broke the readout.&nbsp; But it still works except that readout.&nbsp; Oh well...<br /><br />Then Stuart and Greg climbed down the mountain that Dan and I climbed up the day before.&nbsp; Dan and I went and got a burger at some joint and then buried the treasure.&nbsp; I made the treasure map.&nbsp; It worked out pretty well.&nbsp; Treasure was a bottle of Champagne.&nbsp; The spot where the treasure was buried was the most awesome camp site.&nbsp; It\'s really cool.&nbsp; Flat, protected from most of the wind.&nbsp; It didn\'t rain last night.&nbsp; That was kinda nice.<br /><br />Today\'s Stuart\'s birthday.&nbsp; I think we\'re going to walk the valley floor today.&nbsp; I want to see those salt flats again.<br /><br />Dan has heard me sing a couple times this trip.&nbsp; He says I have a pretty good voice.&nbsp; I\'m going to try to learn to sing.&nbsp; <br /><br />Mmm... The wind feels good.<br /><strong><br />3-3-95</strong><br /><br />Well, we did walk the valley floor yesterday.&nbsp; It was great!&nbsp; Pretty hard though.&nbsp; Most of the way through was just salt + rock.&nbsp; Then about half-way was the beginning of the mud.&nbsp; Fuckin\' A!&nbsp; That mud was probably 6 inches deep after a while.&nbsp; I was so damn tired I began to wonder if I could even continue.&nbsp; Well... not really...&nbsp; I knew I could make it.&nbsp; I HAD to.&nbsp; There was no turning back.&nbsp; Then about 3/4 the way across we hit the water.&nbsp; The going was easier.&nbsp; The ground was crusted firm with salt.&nbsp; The water was never deeper than my knees.&nbsp; The going was nice and easy though.&nbsp; It was great, but due to the salt, I\'m really beginning to feel scummy...<br /><br />I talked to Dan.&nbsp; He\'s got a couple songs he hasn\'t written lyrics for yet.&nbsp; I\'m going to try to write some.&nbsp; Sounds like fun!<br /><br />Today we\'re going to explore the mines at Skidoo.&nbsp; We\'ve been there already, but didn\'t get to spend much time.<br /><br /><strong>3-4-95</strong><br /><br />The mines at Skidoo were cool!&nbsp; We explored a little and had some fun.&nbsp; Then I watched the dog while the other three went into a different mine shaft.&nbsp; They all started feeling dizzy, so they got the fuck out.&nbsp; Bad air is somewhat common there.<br /><br />After that we hooked up the scout to be towed by the Ranger.&nbsp; Pretty squirly, but it worked.&nbsp; We drove 45mph the whole way home.<br /><br />Finally got here at 8:00 this morning.&nbsp; Dan and I crashed at my pad.&nbsp; I took a shower first.&nbsp; It felt incredible.&nbsp; I could not believe how dirty I was.</p>',1,'My journal entry from my first trip to Death Valley','untitled_3_tif_5.jpg','image/jpeg',39383,'2010-05-21 20:40:36','2010-05-27 23:31:12'),(2,12,'<p style=\"text-align: right;\"><span style=\"color: #000000;\"><font face=\"&quot;Arial&quot;,&quot;sans-serif&quot;\"><em>Friday, October 09, 2009</em></font></span></p>\r\n<p style=\"text-align: left;\"><strong><span style=\"color: #000000;\"><font face=\"&quot;Arial&quot;,&quot;sans-serif&quot;\">Telescope Peak - Day 1</font></span></strong></p>\r\n<p style=\"text-align: left;\"><span style=\"color: #000000;\"><font face=\"&quot;Arial&quot;,&quot;sans-serif&quot;\">Headed out from the house at about 5:30am. Chris stayed overnight and we made it to Joe\'s at 6am. The house was dark with no signs of movement. I made a call to his cell and sent a text message. Five minutes later, I get a text saying, \"I\'ll be out in 5 minutes.\" About 10 minutes later, we were on the road to the rendevous point at highway 101 &amp; 152 - the Shell Station in Gilroy.</font></span></p>\r\n<p><span style=\"color: #000000;\"><font face=\"&quot;Arial&quot;,&quot;sans-serif&quot;\">We arrived early and shortly later, we heard Dan and Stuart on the radio. Fifteen minutes later we heard Greg and Edric who said they would be there in 15 minutes. Still no sign of Cam. We made numerous attempts to contact Cameron on the HAM radio, but still nothing. Then about 10 minutes later, Cameron and Devon drove in about the same time as Greg and Edric...Cam was on the wrong channel. </font></span></p>\r\n<p><span style=\"color: #000000;\"><font face=\"&quot;Arial&quot;,&quot;sans-serif&quot;\">Shortly later, we were on the road to Death Valley with four Jeeps and the Dodge (also known as W.T. - \"White Trash\"). Most of us have names for our rigs.</font></span></p>\r\n<p><span style=\"color: #000000;\"><font face=\"&quot;Arial&quot;,&quot;sans-serif&quot;\">We made great time on the road and arrived at the first Death Valley Beer stop at about 3:30pm - The Ghost town of Ballerat. It was great to be back in the desert. It was a balmy 92 degrees, but this would soon change.&nbsp; We posed for the customary group picture.</font></span></p>\r\n<p><img src=\"http://www.deathvalleydogs.com/system/images/11/detail_preview/IMG_0303.jpg\" border=\"0\" alt=\"image\" title=\"The Death Valley Dogs at Ballerat\" width=\"450\" height=\"338\" /></p>\r\n<p>We decided&nbsp; to take highway 190 instead of the dirt trail through the canyon to try to make better time. Then about 30 miles later, we were \"off road\" and ascending fast up the mountain. We made it to Mahogany Camp at about 4:30pm and decided to stay at the lower camp grounds to avoid the other campers. There were just enough camp spots to house all of our girs and persons...so we owned it that night (and the next).</p>\r\n<p>Everyone got busy working, setting up their tents; then Stuart started making dinner. The tacos were awesome!</p>\r\n<p>After dinner, we got the instruments out and the Death Valley Dogs jam session began...with Greg on acoustic base, Dan, Cam and sometimes Devon on acoustic guitar, Edric on drums (or rubbermaid container) and me on harmonica. We sounded pretty damn good.</p>\r\n<p>We played for several hours while we huddled around the fire. It was about 35 degrees as we were at about 7000 feet in elevation.</p>\r\n<p>Some of the dogs eventually started trickling away to bed as the fire grew weaker and weaker. I finally crashed as well and slept pretty good and even was TOO warm at times.</p>\r\n<p style=\"text-align: right;\"><em><br /></em></p>\r\n<p style=\"text-align: right;\"><em>Saturday, October 10, 2009</em></p>\r\n<p><strong>Telescope Peak - Day 2</strong></p>\r\n<p>We all woke up at different times to a very chilly morning; making preparations for the days 14 mile round trip hike.</p>\r\n<p>Breakfast was being prepared as I wrote.</p>\r\n<p>We left for the hike at about 10:30am and since we were at the lower camp ground, we decided to walk / hike / trek up the hill to the&nbsp; entrance to the upper camp site and the official entrance of the hikes starting point. This turned out to be a baaaad idea. The road to the entrance point was long and steep and many of us were burnt out before we even got started. However, we took a break before starting the \"real\" hike and the beginning of the route had only a slight incline, which was a nice break.</p>\r\n<p>The route, which had a well established trail, was steadily changing in levels of incline; mostly increasing, which was difficult at times and the cause for many rest breaks.</p>\r\n<p>After about a half a mile, the trail revealed the opening view of Bad Water Basin, Death Valley...the lowest point in North America at 282 feet below see level. The view got more and more spectacular as we climbed higher and higher.</p>\r\n<p><span style=\"font-size: 8pt; color: #000000; font-family: &quot;Arial&quot;,&quot;sans-serif&quot;;\">&nbsp;<img src=\"http://www.deathvalleydogs.com/system/images/12/large_thumb/IMG_0305.jpg\" border=\"0\" alt=\"image\" width=\"370\" height=\"278\" /></span></p>\r\n<p><span style=\"color: #000000;\"><font face=\"&quot;Arial&quot;,&quot;sans-serif&quot;\">We stopped the hike at about noon for lunch at a point where we could see the Panamint Valley floor. After lunch, we continued on and soon got to a point where we could see Death Valley on one side and Panamint Valley on the other. This was a surreal sight and we were at abut 9600 feet in elevation at this point.</font></span></p>\r\n<p><span style=\"color: #000000;\"><font face=\"&quot;Arial&quot;,&quot;sans-serif&quot;\">We stopped shortly later for another notible rest break. This is the point where Chris developed a cramp in his leg and could not continue on. We gave Chris a HAM radio handheld unit, where he stayed and rested and the rest of us pushed on.</font></span></p>\r\n<p><span style=\"color: #000000;\"><font face=\"&quot;Arial&quot;,&quot;sans-serif&quot;\">The trip was taking its tole on me, as well as the elevation. I was having some pretty good chest pains that was causing a little concern, but I was able to control it quite a bit by slowing down my pace and getting in the zone. Soon we would make it to the switchbacks and would traverse about 15 of them before reaching the final 100 yards to the summit. </font></span></p>\r\n<p><span style=\"color: #000000;\"><font face=\"&quot;Arial&quot;,&quot;sans-serif&quot;\">As the majority of the group rounded the final bend, we saw Edric sitting on top. This gave me a second wind and I increased my pace to almost a run and made it to the summit as well. What a tremendous feeling of accomplishment. &nbsp;</font></span></p>\r\n<p><span style=\"color: #000000;\"><font face=\"&quot;Arial&quot;,&quot;sans-serif&quot;\">The rest of the Death Valley Dogs made it to the top within minutes. We could see for miles...It was an amazing site.</font></span></p>\r\n<p><span style=\"color: #000000;\"><font face=\"&quot;Arial&quot;,&quot;sans-serif&quot;\">We all posed for pictures with the \"Telescope Peak - 11043 Ft\" sign and enjoyed the moment. </font></span></p>\r\n<p class=\"null\" style=\"margin: 0in 0in 0pt; line-height: normal; mso-pagination: none; mso-layout-grid-align: none;\"><span style=\"font-size: 8pt; color: #000000; font-family: &quot;Arial&quot;,&quot;sans-serif&quot;;\"><img src=\"http://www.deathvalleydogs.com/system/images/14/large_thumb/IMG_0331.jpg\" border=\"0\" alt=\"image\" width=\"370\" height=\"278\" /></span></p>\r\n<p>After about 10 minutes or so of taking individual glory shots, Dan pulled out the bag of Jackdog\'s ashes.I immediately started to get teary eyed. And as we all gathered and remembered the purpose of the trip, all eyes became red with tears.</p>\r\n<p>We gathered around Dan and Jackdog as Dan struggled through his tears to try to speak. \"I got no words\" Dan said as he grabbed a handful of JackDog\'s ashes and tossed them in the air toward the Death Valley side of the ridge. Dan then held the ashes toward Greg, and he took a handful; then Cam, then me; until all the guys were holding a piece of Jackdog in his hand.</p>\r\n<p>Dan then emptied the bag of ashes on the side of the ridge, and all of us following suit and tossed their handful of ashes over the ridge. I felt the need to say something and for lack of better words, I simply said, \"To Jack,\" realizing the moment I said it that it seemed stupid and wanted to change it to \"Welcome Home, Jack.\"</p>\r\n<p>No one else said anything as the moment overwhelmed us all. Even Joe was taken by the moment and he had only met Jackdog once before. But Jackdog was that kind of dog. You instantly loved him the moment you saw him. He always greeted you with a wagging tail and a smile.</p>\r\n<p>We gathered ourselves and set up the tripod for a group picture; then picked up our packs and started the descent.</p>\r\n<p>For me the descent was much easier that the climb, although for some of the guys, it was harder on the knees and quads. The last of us started down the mountain and the group almost immediately split up between the fast, medium and slower hikers (at least for the downhill part).</p>\r\n<p>As we got to the lower part of the switchback, right before we picked up Chris, I saw a huge buck on the trail about 25 yards in front of Greg. I tried to get Greg\'s attentions without spooking the deer and he eventually turned around and saw the buck take off up the mountain. It was at least a 6 to 8 pointer. It seemed strange to see a deer that big at that elevation, mostly because there were not many level spots for him to bed down.</p>\r\n<p>Dan was feeling sick from the altitude and had a bad headache, which got better as he got further down. Joe was bothered by the decend which caused his quads to tire quickly, but was able to push forward as it sometimes got easiers as the incline leveled out on occasion.</p>\r\n<p>As we reached near the bottom the mountain, moving closer to camp; dusk brought a beautiful sunset, which was a nice ending to the hike.</p>\r\n<p class=\"null\" style=\"margin: 0in 0in 0pt; line-height: normal; mso-pagination: none; mso-layout-grid-align: none;\"><span style=\"font-size: 8pt; color: #000000; font-family: &quot;Arial&quot;,&quot;sans-serif&quot;;\"><img src=\"http://www.deathvalleydogs.com/system/images/15/large_thumb/IMG_0364.jpg\" border=\"0\" alt=\"image\" width=\"370\" height=\"278\" /></span></p>\r\n<p class=\"null\" style=\"margin: 0in 0in 0pt; line-height: normal; mso-pagination: none; mso-layout-grid-align: none;\">&nbsp;</p>\r\n<p><span style=\"font-family: &quot;Arial&quot;,&quot;sans-serif&quot;;\">After the last of us got back to camp, everyone was fried. But we started to make our steak dinner...we earned it.</span></p>\r\n<p><span style=\"font-family: &quot;Arial&quot;,&quot;sans-serif&quot;;\">The regulator on Dan\'s grill was not working properly so we threw the steaks on the grill attached to the firepit. The steaks came out great and everyone gobbled them up since we worked up quite an appetite on the hike.</span></p>\r\n<p><span style=\"font-family: &quot;Arial&quot;,&quot;sans-serif&quot;;\">After dinner, we just sat around the fire and talked and joked. We started dropping out one by one to go to bed until eventually, it was all quiet.</span></p>\r\n<p><span style=\"font-family: &quot;Arial&quot;,&quot;sans-serif&quot;;\">I couldn\'t get to sleep that night for some reason. I was extremely warm despite the 35 degree temperature outside. My new zero degree sleeping bag really keeps you toasty. </span></p>\r\n<p>&nbsp;</p>\r\n<p style=\"text-align: right;\"><span style=\"font-family: &quot;Arial&quot;,&quot;sans-serif&quot;;\">Sunday, October 11, 2009</span></p>\r\n<p><strong><span style=\"font-family: &quot;Arial&quot;,&quot;sans-serif&quot;;\">Telescope Peak - Day 3 - Final</span></strong></p>\r\n<p><span style=\"font-family: &quot;Arial&quot;,&quot;sans-serif&quot;;\">As morning came, I got up about 6:30am and begain gathering my supplies and packing up. I had everything packed up pretty early and Chris did too. The guys all eventually got up and made themselves oatmeal for breakfast and then we started to clean up to get ready to go. We made good time and got started out about 9:30am with the planned stop to the Charcoal Kilns about a mile down the road.</span></p>\r\n<p><span style=\"font-family: &quot;Arial&quot;,&quot;sans-serif&quot;;\">The guys convinced me to dig out my harmonica case to play with Dan &amp; guitar in the kilns. We arrived and got out the instruments and walkin in. I could immediately hear the reverberating sound off the round walls.</span></p>\r\n<p><span style=\"font-family: &quot;Arial&quot;,&quot;sans-serif&quot;;\">I got out a harmonica and just made up a song from scratch and Dan picked up the tune and played with me. It really sounded great. We played a few more songs with Dan, Cam and Devon, then took some pictures and got back on the road.</span></p>\r\n<p><img src=\"http://www.deathvalleydogs.com/system/images/16/large_thumb/IMG_0373.jpg\" border=\"0\" alt=\"image\" width=\"370\" height=\"278\" /></p>\r\n<p>On the way out of Death Valley, I got on the radio and thanked the guys for another great trip. And as we looked left out of the drivers door window at 9:00, we saw the tip of Telescope Peak where Jackdog made his final hike and will lay to rest forever.</p>\r\n<p><span style=\"font-family: &quot;Arial&quot;,&quot;sans-serif&quot;;\">We all said one final goodbye to Jackdog as we left the valley to our journey home. It was another great trip...with tremendous meaning.</span></p>',6,'Telescope Peak Trip: Warm in the day, cold as hell at night. Great campfire music. A long 14 mile round trip hike to 11,049 feet in eleavation. And most importantly, a heartfelt goodbye to a great friend.','IMG_0331.JPG','image/pjpeg',2365557,'2010-05-26 02:52:45','2010-06-07 16:55:53'),(4,6,'<ul>\r\n<li>Barker Ranch</li>\r\n<li>Meyer\'s Ranch</li>\r\n<li>Butte Valley</li>\r\n<li>Geologists cabin</li>\r\n<li>Lotus Mine</li>\r\n<li>Searched for Charlie\'s bus</li>\r\n<li>Saw where Charlie was captured </li>\r\n<li>Cam got lost in Desert </li>\r\n<li>\"Which way is West?\" </li>\r\n<li>Beautiful Irises </li>\r\n<li>Edric fills the pool at Meyer\'s Ranch </li>\r\n<li>Margeurita\'s around the pool </li>\r\n<li>Night hike - found bandolier of .50 calibur ammunition </li>\r\n<li>Greg found can junk yard </li>\r\n<li>Nelsen recorded our radio traffic </li>\r\n<li>Greg gets drunk and shows his ass a lot </li>\r\n<li>Drove Mangle pass </li>\r\n<li>Found Geologists cabin - didn\'t stay </li>\r\n<li>Lotus Mine - walked around mining complex </li>\r\n<li>Edric did toilet thing </li>\r\n<li>Cam runs over a duck on West Side Highway - one fucked up Duck </li>\r\n<li>Greg gives 1st aid to Duck </li>\r\n<li>Kyle snaps duck\'s neck </li>\r\n<li>Cam took Lake isabella route home - VERY SLOW </li>\r\n<li>Edric and Matt bailed early</li>\r\n</ul>',1,'Just some things we saw there.','barker_ranch_1_.jpg','image/jpeg',281172,'2010-05-27 18:21:32','2010-05-27 19:14:43');
/*!40000 ALTER TABLE `trip_stories` ENABLE KEYS */;
UNLOCK TABLES;

--
-- Table structure for table `trips`
--

DROP TABLE IF EXISTS `trips`;
/*!40101 SET @saved_cs_client     = @@character_set_client */;
/*!40101 SET character_set_client = utf8 */;
CREATE TABLE `trips` (
  `id` int(11) NOT NULL auto_increment,
  `name` varchar(255) collate utf8_unicode_ci default NULL,
  `date` date default NULL,
  `created_at` datetime default NULL,
  `updated_at` datetime default NULL,
  `photo_file_name` varchar(255) collate utf8_unicode_ci default NULL,
  `photo_content_type` varchar(255) collate utf8_unicode_ci default NULL,
  `photo_file_size` int(11) default NULL,
  PRIMARY KEY  (`id`)
) ENGINE=InnoDB AUTO_INCREMENT=13 DEFAULT CHARSET=utf8 COLLATE=utf8_unicode_ci;
/*!40101 SET character_set_client = @saved_cs_client */;

--
-- Dumping data for table `trips`
--

LOCK TABLES `trips` WRITE;
/*!40000 ALTER TABLE `trips` DISABLE KEYS */;
INSERT INTO `trips` VALUES (1,'Badwater','1995-02-26','2010-05-18 17:26:04','2010-05-25 19:02:01','badwater_hike_1.jpg','image/jpeg',145946),(2,'Panamint City','1995-10-09','2010-05-19 23:09:36','2010-05-19 23:09:36',NULL,NULL,NULL),(3,'Cottonwood','1996-10-05','2010-05-19 23:10:02','2010-05-19 23:10:02',NULL,NULL,NULL),(4,'Night Drive','1997-04-19','2010-05-19 23:10:20','2010-05-19 23:10:20',NULL,NULL,NULL),(5,'Wildrose','1998-10-07','2010-05-19 23:10:41','2010-05-19 23:10:41',NULL,NULL,NULL),(6,'Barker Ranch','2000-10-19','2010-05-19 23:11:01','2010-05-19 23:11:01',NULL,NULL,NULL),(7,'Butte Valley','2003-10-19','2010-05-19 23:11:17','2010-05-25 19:10:33','butte_valley.jpg','image/jpeg',249574),(8,'South Park Canyon','2004-04-03','2010-05-19 23:11:38','2010-05-27 18:13:25','2004_1_.jpg','image/jpeg',217075),(9,'Saline Valley','2006-03-31','2010-05-19 23:11:55','2010-05-27 18:06:42','saline_valley.jpg','image/jpeg',159475),(10,'Greenwater','2007-05-05','2010-05-19 23:12:24','2010-05-25 19:14:31','greenwater.jpg','image/jpeg',285749),(11,'Eureka Dunes','2009-04-19','2010-05-19 23:12:46','2010-05-25 19:16:12','eureka_dunes.jpg','image/jpeg',295420),(12,'Telescope Peak','2009-10-10','2010-05-19 23:13:11','2010-05-24 20:51:01','telescope_jack.jpg','image/jpeg',151899);
/*!40000 ALTER TABLE `trips` ENABLE KEYS */;
UNLOCK TABLES;

--
-- Table structure for table `users`
--

DROP TABLE IF EXISTS `users`;
/*!40101 SET @saved_cs_client     = @@character_set_client */;
/*!40101 SET character_set_client = utf8 */;
CREATE TABLE `users` (
  `id` int(11) NOT NULL auto_increment,
  `login` varchar(255) collate utf8_unicode_ci default NULL,
  `crypted_password` varchar(255) collate utf8_unicode_ci default NULL,
  `password_salt` varchar(255) collate utf8_unicode_ci default NULL,
  `persistence_token` varchar(255) collate utf8_unicode_ci default NULL,
  `created_at` datetime default NULL,
  `updated_at` datetime default NULL,
  PRIMARY KEY  (`id`)
) ENGINE=InnoDB AUTO_INCREMENT=2 DEFAULT CHARSET=utf8 COLLATE=utf8_unicode_ci;
/*!40101 SET character_set_client = @saved_cs_client */;

--
-- Dumping data for table `users`
--

LOCK TABLES `users` WRITE;
/*!40000 ALTER TABLE `users` DISABLE KEYS */;
INSERT INTO `users` VALUES (1,'admin','875540833b9847b6e9b76a5132424eebdd599b6ac77c9b6bf2c487bffc373ec72327a7fbb5b1fbb4411e00619d3e3ed9337a1cc0a43e84e3c48a49fb36e875e7','Ijhdi5jXMBJRHOEIoVqS','a088f396f7db313fbec190688530834211e7a055072f772207db0e179af44a408e6b2dad98b72e0deb58be6faf331854733f766e068b8217d69e72bc283c1f86','2010-05-26 21:25:49','2010-05-26 21:25:49');
/*!40000 ALTER TABLE `users` ENABLE KEYS */;
UNLOCK TABLES;

--
-- Table structure for table `videos`
--

DROP TABLE IF EXISTS `videos`;
/*!40101 SET @saved_cs_client     = @@character_set_client */;
/*!40101 SET character_set_client = utf8 */;
CREATE TABLE `videos` (
  `id` int(11) NOT NULL auto_increment,
  `original_file_name` varchar(255) collate utf8_unicode_ci default NULL,
  `original_file_size` varchar(255) collate utf8_unicode_ci default NULL,
  `original_content_type` varchar(255) collate utf8_unicode_ci default NULL,
  `created_at` datetime default NULL,
  `updated_at` datetime default NULL,
  PRIMARY KEY  (`id`)
) ENGINE=InnoDB AUTO_INCREMENT=2 DEFAULT CHARSET=utf8 COLLATE=utf8_unicode_ci;
/*!40101 SET character_set_client = @saved_cs_client */;

--
-- Dumping data for table `videos`
--

LOCK TABLES `videos` WRITE;
/*!40000 ALTER TABLE `videos` DISABLE KEYS */;
INSERT INTO `videos` VALUES (1,'IMG_0372.JPG','2819645','image/pjpeg','2010-05-26 04:51:45','2010-05-26 04:51:45');
/*!40000 ALTER TABLE `videos` ENABLE KEYS */;
UNLOCK TABLES;
/*!40103 SET TIME_ZONE=@OLD_TIME_ZONE */;

/*!40101 SET SQL_MODE=@OLD_SQL_MODE */;
/*!40014 SET FOREIGN_KEY_CHECKS=@OLD_FOREIGN_KEY_CHECKS */;
/*!40014 SET UNIQUE_CHECKS=@OLD_UNIQUE_CHECKS */;
/*!40101 SET CHARACTER_SET_CLIENT=@OLD_CHARACTER_SET_CLIENT */;
/*!40101 SET CHARACTER_SET_RESULTS=@OLD_CHARACTER_SET_RESULTS */;
/*!40101 SET COLLATION_CONNECTION=@OLD_COLLATION_CONNECTION */;
/*!40111 SET SQL_NOTES=@OLD_SQL_NOTES */;

-- Dump completed on 2010-06-07 11:58:27
